ID,year,loan_limit,Gender,approv_in_adv,loan_type,loan_purpose,Credit_Worthiness,open_credit,business_or_commercial,loan_amount,rate_of_interest,Interest_rate_spread,Upfront_charges,term,Neg_ammortization,interest_only,lump_sum_payment,property_value,construction_type,occupancy_type,Secured_by,total_units,income,credit_type,Credit_Score,co-applicant_credit_type,age,submission_of_application,LTV,Region,Security_Type,Status,dtir1
24890,2019,cf,Sex Not Available,nopre,type1,p1,l1,nopc,nob/c,116500,,,,360,not_neg,not_int,not_lpsm,118000,sb,pr,home,1U,1740,EXP,758,CIB,25-34,to_inst,98.72881356,south,direct,1,45
24891,2019,cf,Male,nopre,type2,p1,l1,nopc,b/c,206500,,,,360,not_neg,not_int,lpsm,,sb,pr,home,1U,4980,EQUI,552,EXP,55-64,to_inst,,North,direct,1,
24892,2019,cf,Male,pre,type1,p1,l1,nopc,nob/c,406500,4.56,0.2,595,360,neg_amm,not_int,not_lpsm,508000,sb,pr,home,1U,9480,EXP,834,CIB,35-44,to_inst,80.01968504,south,direct,0,46
24893,2019,cf,Male,nopre,type1,p4,l1,nopc,nob/c,456500,4.25,0.681,,360,not_neg,not_int,not_lpsm,658000,sb,pr,home,1U,11880,EXP,587,CIB,45-54,not_inst,69.3768997,North,direct,0,42
24894,2019,cf,Joint,pre,type1,p1,l1,nopc,nob/c,696500,4,0.3042,0,360,not_neg,not_int,not_lpsm,758000,sb,pr,home,1U,10440,CRIF,602,EXP,25-34,not_inst,91.88654354,North,direct,0,39
24895,2019,cf,Joint,pre,type1,p1,l1,nopc,nob/c,706500,3.99,0.1523,370,360,not_neg,not_int,not_lpsm,1008000,sb,pr,home,1U,10080,EXP,864,EXP,35-44,not_inst,70.08928571,North,direct,0,40
24896,2019,cf,Joint,pre,type1,p3,l1,nopc,nob/c,346500,4.5,0.9998,5120,360,not_neg,not_int,not_lpsm,438000,sb,pr,home,1U,5040,EXP,860,EXP,55-64,to_inst,79.10958904,North,direct,0,44
24897,2019,,Female,nopre,type1,p4,l1,nopc,nob/c,266500,4.125,0.2975,5609.88,360,not_neg,not_int,not_lpsm,308000,sb,pr,home,1U,3780,CIB,863,CIB,55-64,to_inst,86.52597403,North,direct,0,42
24898,2019,cf,Joint,nopre,type1,p3,l1,nopc,nob/c,376500,4.875,0.7395,1150,360,not_neg,not_int,not_lpsm,478000,sb,pr,home,1U,5580,CIB,580,EXP,55-64,to_inst,78.76569038,central,direct,0,44
24899,2019,cf,Sex Not Available,nopre,type3,p3,l1,nopc,nob/c,436500,3.49,-0.2776,2316.5,360,not_neg,not_int,not_lpsm,688000,sb,pr,home,1U,6720,CIB,788,EXP,55-64,to_inst,63.44476744,south,direct,0,30
24900,2019,cf,Male,nopre,type2,p3,l2,nopc,b/c,136500,,,,300,neg_amm,not_int,not_lpsm,168000,sb,pr,home,1U,4020,EXP,723,CIB,55-64,to_inst,81.25,North,direct,1,44
24901,2019,cf,Sex Not Available,nopre,type1,p3,l1,nopc,nob/c,466500,4.375,0.1871,1150,360,not_neg,not_int,not_lpsm,708000,sb,pr,home,1U,9540,EXP,501,EXP,35-44,to_inst,65.88983051,south,direct,0,36
24902,2019,cf,Joint,nopre,type2,p3,l1,nopc,b/c,206500,,,,360,not_neg,not_int,not_lpsm,258000,sb,pr,home,1U,3780,CRIF,884,EXP,65-74,to_inst,80.03875969,North,direct,1,51
24903,2019,cf,Joint,nopre,type2,p4,l1,nopc,b/c,436500,3.625,0.6146,0,360,not_neg,not_int,not_lpsm,508000,sb,pr,home,1U,,CRIF,520,EXP,55-64,to_inst,85.92519685,North,direct,0,
24904,2019,cf,Female,nopre,type1,p4,l1,nopc,nob/c,226500,4.5,0.4657,3953.13,360,not_neg,not_int,not_lpsm,298000,sb,pr,home,1U,7860,CIB,773,CIB,35-44,to_inst,76.00671141,North,direct,0,39
24905,2019,cf,Male,nopre,type1,p4,l1,nopc,nob/c,76500,,,,360,not_neg,not_int,not_lpsm,138000,sb,pr,home,1U,2220,EXP,685,CIB,45-54,not_inst,55.43478261,North,direct,1,20
24906,2019,cf,Joint,nopre,type2,p1,l1,nopc,b/c,356500,,,,360,neg_amm,not_int,not_lpsm,368000,sb,pr,home,1U,5340,CRIF,846,EXP,25-34,not_inst,96.875,North,direct,1,44
24907,2019,cf,Male,pre,type1,p3,l1,nopc,nob/c,156500,,,,360,neg_amm,not_int,not_lpsm,168000,sb,pr,home,1U,3120,CRIF,534,CIB,65-74,to_inst,93.1547619,North,direct,1,44
24908,2019,cf,Female,nopre,type1,p1,l1,nopc,nob/c,406500,4.56,0.458,895,360,not_neg,not_int,not_lpsm,598000,sb,pr,home,1U,5340,CIB,629,CIB,45-54,not_inst,67.97658863,North,direct,0,44
24909,2019,cf,Sex Not Available,nopre,type1,p4,l1,nopc,nob/c,586500,3.175,-0.3446,650,360,not_neg,not_int,not_lpsm,748000,sb,sr,home,1U,12540,CIB,688,EXP,55-64,to_inst,78.40909091,south,direct,0,31
24910,2019,cf,Joint,nopre,type1,p3,l1,nopc,nob/c,306500,2.99,0.2837,10470,180,not_neg,not_int,not_lpsm,558000,sb,pr,home,1U,16860,EXP,668,EXP,65-74,to_inst,54.92831541,North,direct,0,6
24911,2019,cf,Female,nopre,type1,p3,l1,nopc,nob/c,136500,3.99,0.4819,4156.25,360,not_neg,not_int,not_lpsm,198000,sb,pr,home,1U,2100,EXP,758,CIB,>74,to_inst,68.93939394,North,direct,0,36
24912,2019,cf,Male,pre,type1,p3,l1,nopc,nob/c,306500,,,,360,not_neg,not_int,not_lpsm,448000,sb,pr,home,1U,2880,EXP,692,CIB,55-64,to_inst,68.41517857,south,direct,1,44
24913,2019,cf,Female,nopre,type1,p3,l1,nopc,nob/c,316500,3.625,0.0454,6661.88,360,not_neg,not_int,not_lpsm,508000,sb,pr,home,1U,2760,CIB,620,CIB,65-74,not_inst,62.30314961,south,direct,0,44
24914,2019,cf,Male,nopre,type1,p3,l2,nopc,nob/c,336500,4.5,0.0759,0,360,not_neg,not_int,not_lpsm,428000,sb,pr,home,1U,4980,CIB,846,CIB,35-44,not_inst,78.62149533,south,direct,0,35
24915,2019,,Joint,nopre,type1,p3,l1,nopc,nob/c,426500,4.99,1.2706,169.5,360,not_neg,not_int,not_lpsm,568000,sb,pr,home,1U,8940,EXP,533,EXP,45-54,not_inst,75.08802817,North,direct,0,34
24916,2019,cf,Joint,nopre,type3,p1,l1,nopc,nob/c,476500,,,,360,not_neg,not_int,not_lpsm,,sb,pr,home,1U,6780,EQUI,518,EXP,45-54,to_inst,,south,direct,1,
24917,2019,cf,Sex Not Available,nopre,type1,p4,l1,nopc,nob/c,196500,5.25,1.2158,5245.09,360,not_neg,not_int,not_lpsm,258000,sb,pr,home,1U,3840,EXP,812,EXP,25-34,to_inst,76.1627907,south,direct,0,49
24918,2019,cf,Female,nopre,type1,p1,l1,nopc,nob/c,186500,4.25,1.0186,5376.25,360,not_neg,not_int,not_lpsm,218000,sb,pr,home,1U,3840,CRIF,534,CIB,55-64,to_inst,85.55045872,central,direct,0,46
24919,2019,cf,Female,nopre,type1,p1,l1,nopc,nob/c,436500,3.625,0.266,6260,360,not_neg,not_int,not_lpsm,468000,sb,pr,home,1U,4920,CIB,647,EXP,35-44,not_inst,93.26923077,south,direct,0,42
24920,2019,cf,Male,nopre,type2,p1,l1,nopc,b/c,246500,4.25,1.4614,0,360,not_neg,not_int,not_lpsm,258000,sb,pr,home,1U,5400,EXP,683,CIB,25-34,not_inst,95.54263566,North,direct,0,39
24921,2019,cf,Male,nopre,type3,p4,l1,nopc,nob/c,216500,2.99,-0.6203,2101.63,360,not_neg,not_int,not_lpsm,228000,sb,pr,home,1U,,CIB,705,CIB,55-64,to_inst,94.95614035,North,direct,0,
24922,2019,,Male,nopre,type1,p1,l1,nopc,nob/c,306500,4.125,0.2848,3752.4,360,not_neg,not_int,not_lpsm,318000,sb,pr,home,1U,5580,EXP,701,CIB,35-44,not_inst,96.3836478,North,direct,0,37
24923,2019,cf,Male,pre,type1,p1,l1,nopc,nob/c,316500,3.75,0.1681,5560.63,360,not_neg,int_only,not_lpsm,338000,sb,pr,home,1U,3720,EXP,591,CIB,45-54,to_inst,93.63905325,North,direct,0,41
24924,2019,cf,Male,pre,type1,p1,l1,nopc,nob/c,506500,4.25,0.147,0,360,not_neg,not_int,not_lpsm,538000,sb,pr,home,1U,7500,CIB,647,CIB,25-34,not_inst,94.14498141,North,direct,0,36
24925,2019,cf,Female,nopre,type1,p3,l1,nopc,nob/c,266500,4.99,1.3774,2337.4,360,not_neg,not_int,not_lpsm,408000,sb,pr,home,1U,3540,EXP,889,CIB,45-54,not_inst,65.31862745,south,direct,0,40
24926,2019,cf,Male,nopre,type1,p1,l1,nopc,nob/c,406500,4,0.34,4070,360,not_neg,not_int,not_lpsm,1018000,sb,ir,home,1U,9180,EXP,651,CIB,55-64,not_inst,39.93123772,south,direct,0,38
24927,2019,cf,Joint,nopre,type1,p4,l1,nopc,nob/c,656500,3.375,-0.1555,13016.46,360,not_neg,not_int,not_lpsm,1108000,sb,pr,home,1U,9660,EXP,716,EXP,45-54,not_inst,59.25090253,North,direct,0,42
24928,2019,ncf,Male,pre,type1,p4,l1,nopc,nob/c,256500,,,,180,not_neg,not_int,not_lpsm,418000,sb,pr,home,1U,3780,EXP,780,EXP,65-74,to_inst,61.36363636,central,direct,1,45
24929,2019,cf,Male,nopre,type1,p4,l1,nopc,nob/c,396500,,,,360,not_neg,not_int,not_lpsm,418000,sb,pr,home,1U,7560,CRIF,799,CIB,35-44,not_inst,94.85645933,North,direct,1,42
24930,2019,cf,Male,nopre,type1,p3,l1,nopc,nob/c,396500,4.99,0.6835,5072.5,360,not_neg,not_int,not_lpsm,528000,sb,pr,home,1U,9060,EXP,766,CIB,35-44,to_inst,75.09469697,south,direct,0,30
24931,2019,cf,Female,pre,type2,p3,l1,nopc,b/c,166500,3.99,1.2351,1657.5,360,not_neg,not_int,not_lpsm,198000,sb,pr,home,1U,3480,CIB,868,CIB,35-44,to_inst,84.09090909,central,direct,0,56
24932,2019,cf,Male,nopre,type3,p4,l1,nopc,nob/c,466500,,,,360,not_neg,not_int,not_lpsm,,sb,pr,home,1U,0,EQUI,765,EXP,45-54,to_inst,,North,direct,1,
24933,2019,cf,Male,nopre,type2,p4,l1,nopc,b/c,236500,,,,360,not_neg,not_int,not_lpsm,248000,sb,pr,home,1U,3120,CRIF,673,CIB,35-44,to_inst,95.36290323,central,direct,1,38
24934,2019,ncf,Sex Not Available,nopre,type1,p4,l1,nopc,nob/c,866500,,,,360,neg_amm,not_int,not_lpsm,1508000,sb,pr,home,1U,13620,CRIF,876,EXP,35-44,not_inst,57.4602122,south,direct,1,44
24935,2019,cf,Joint,nopre,type1,p4,l1,nopc,nob/c,416500,3.625,-0.1235,2462.96,360,not_neg,not_int,not_lpsm,528000,sb,pr,home,1U,7380,CRIF,886,EXP,45-54,not_inst,78.88257576,North,direct,0,39
24936,2019,cf,Sex Not Available,nopre,type2,p3,l1,nopc,b/c,436500,3.25,0.4238,12283.66,360,not_neg,not_int,not_lpsm,508000,sb,pr,home,1U,4920,CRIF,772,EXP,55-64,to_inst,85.92519685,south,direct,0,38
24937,2019,ncf,Joint,nopre,type1,p3,l1,nopc,nob/c,356500,4.125,0.1691,786.33,360,not_neg,not_int,not_lpsm,608000,sb,pr,home,1U,3720,CRIF,640,EXP,55-64,not_inst,58.63486842,North,direct,0,49
24938,2019,cf,Male,nopre,type3,p4,l1,nopc,nob/c,386500,2.75,-0.7794,3808.56,360,not_neg,not_int,not_lpsm,428000,sb,pr,home,1U,,CIB,798,CIB,45-54,not_inst,90.30373832,south,direct,0,
24939,2019,cf,Female,nopre,type1,p1,l1,nopc,nob/c,596500,3.875,-0.0231,3375.48,360,not_neg,not_int,not_lpsm,668000,sb,pr,home,1U,6780,CRIF,858,EXP,25-34,not_inst,89.29640719,North,direct,0,39
24940,2019,cf,Sex Not Available,nopre,type1,p3,l1,nopc,nob/c,196500,4.125,0.4465,3188.01,312,not_neg,not_int,not_lpsm,338000,sb,pr,home,1U,9060,CIB,543,EXP,25-34,to_inst,58.13609467,south,direct,0,30
24941,2019,cf,Male,nopre,type1,p4,l1,nopc,nob/c,206500,2.99,0.245,5882.75,180,not_neg,not_int,not_lpsm,708000,sb,pr,home,1U,9600,EXP,846,CIB,65-74,to_inst,29.16666667,North,direct,0,23
24942,2019,cf,Joint,nopre,type3,p3,l1,nopc,nob/c,136500,,,,360,not_neg,not_int,not_lpsm,,sb,pr,home,1U,3360,EQUI,555,EXP,65-74,to_inst,,North,direct,1,
24943,2019,ncf,Female,nopre,type1,p3,l1,nopc,nob/c,166500,,,,360,not_neg,not_int,not_lpsm,,sb,pr,home,1U,4560,EQUI,603,EXP,65-74,to_inst,,North,direct,1,
24944,2019,cf,Joint,nopre,type1,p1,l1,nopc,nob/c,606500,3.625,0.0945,14690.09,360,not_neg,not_int,not_lpsm,808000,sb,ir,home,1U,22500,EXP,808,EXP,35-44,not_inst,75.06188119,central,direct,0,28
24945,2019,cf,Sex Not Available,nopre,type2,p4,l1,nopc,b/c,86500,,,,360,not_neg,not_int,not_lpsm,948000,sb,pr,home,1U,3300,CIB,519,EXP,55-64,to_inst,9.124472574,south,direct,1,31
24946,2019,ncf,Female,nopre,type1,p2,l1,nopc,nob/c,116500,,,,180,not_neg,not_int,not_lpsm,128000,sb,ir,home,1U,4140,CIB,786,EXP,45-54,not_inst,91.015625,south,direct,1,11
24947,2019,cf,Male,pre,type1,p3,l1,nopc,nob/c,426500,3.5,0.5271,3854,180,not_neg,not_int,not_lpsm,598000,sb,pr,home,1U,6000,CIB,769,CIB,45-54,not_inst,71.32107023,south,direct,0,42
24948,2019,ncf,Male,pre,type1,p3,l1,nopc,nob/c,166500,3.99,0.5893,4044.53,144,not_neg,not_int,not_lpsm,238000,sb,pr,home,1U,6600,CRIF,685,CIB,35-44,to_inst,69.95798319,North,direct,0,30
24949,2019,cf,Sex Not Available,pre,type1,p3,l1,nopc,nob/c,426500,3.375,-0.0529,,180,not_neg,not_int,not_lpsm,608000,sb,pr,home,1U,11340,CRIF,556,CIB,35-44,to_inst,70.14802632,south,direct,0,27
24950,2019,cf,Male,nopre,type1,p4,l1,nopc,nob/c,376500,4.5,-0.088,0,360,neg_amm,not_int,not_lpsm,718000,sb,pr,home,1U,7080,EXP,567,CIB,65-74,not_inst,52.43732591,North,direct,0,20
24951,2019,cf,Male,nopre,type2,p1,l1,nopc,b/c,286500,3.25,0.4639,0,360,not_neg,not_int,not_lpsm,298000,sb,pr,home,1U,4800,CIB,632,CIB,35-44,not_inst,96.1409396,North,direct,0,31
24952,2019,cf,Joint,nopre,type1,p4,l1,nopc,nob/c,706500,4.125,0.327,0,360,not_neg,not_int,not_lpsm,888000,sb,pr,home,1U,8520,CIB,818,EXP,35-44,not_inst,79.56081081,south,direct,0,40
24953,2019,cf,Sex Not Available,nopre,type2,p4,l1,nopc,b/c,146500,4.75,1.5693,0,360,not_neg,not_int,not_lpsm,148000,sb,pr,home,1U,2760,EXP,584,CIB,<25,to_inst,98.98648649,south,direct,0,55
24954,2019,cf,Joint,nopre,type1,p3,l1,nopc,nob/c,446500,3.875,0.6514,295,240,not_neg,not_int,not_lpsm,628000,sb,pr,home,1U,7140,EXP,750,EXP,55-64,to_inst,71.09872611,North,direct,0,34
24955,2019,cf,Male,nopre,type1,p4,l1,nopc,nob/c,286500,3.875,0.2859,1250,360,not_neg,not_int,not_lpsm,608000,sb,pr,home,1U,5820,EXP,808,CIB,55-64,to_inst,47.12171053,south,direct,0,22
24956,2019,cf,Joint,nopre,type3,p3,l1,nopc,nob/c,166500,,,,360,not_neg,not_int,not_lpsm,,sb,pr,home,1U,2100,EQUI,838,EXP,65-74,not_inst,,North,direct,1,
24957,2019,cf,Female,nopre,type2,p4,l1,nopc,b/c,636500,,,,360,not_neg,int_only,not_lpsm,658000,sb,pr,home,1U,12000,CIB,741,CIB,65-74,to_inst,96.7325228,south,direct,1,36
24958,2019,,Female,nopre,type2,p3,l1,nopc,b/c,226500,3.625,0.5626,,360,not_neg,not_int,not_lpsm,258000,sb,pr,home,1U,3720,CRIF,820,CIB,25-34,not_inst,87.79069767,North,direct,0,40
24959,2019,cf,Sex Not Available,nopre,type1,p3,l2,nopc,nob/c,316500,4.5,0.4649,4771.25,360,not_neg,not_int,not_lpsm,928000,sb,pr,home,1U,5880,CRIF,665,CIB,65-74,to_inst,34.10560345,south,direct,0,24
24960,2019,cf,Sex Not Available,nopre,type1,p3,l1,nopc,nob/c,156500,3.99,0.4597,3000,360,not_neg,not_int,not_lpsm,208000,sb,pr,home,1U,3300,CRIF,783,EXP,>74,to_inst,75.24038462,south,direct,0,30
24961,2019,cf,Male,nopre,type1,p1,l2,nopc,nob/c,706500,4.875,0.6484,1645.03,360,not_neg,not_int,not_lpsm,748000,sb,pr,home,1U,8400,EXP,663,CIB,35-44,not_inst,94.45187166,south,direct,0,46
24962,2019,cf,Female,nopre,type1,p3,l1,nopc,nob/c,196500,4.25,0.7872,5493.02,240,not_neg,not_int,not_lpsm,318000,sb,pr,home,1U,5520,EXP,612,CIB,65-74,to_inst,61.79245283,North,direct,0,30
24963,2019,cf,Male,nopre,type3,p1,l1,nopc,nob/c,166500,4.5,0.7084,1680,360,not_neg,not_int,not_lpsm,168000,sb,pr,home,1U,2040,CRIF,739,CIB,65-74,to_inst,99.10714286,North,direct,0,52
24964,2019,cf,Male,nopre,type1,p4,l1,nopc,nob/c,486500,3.875,-0.1583,7305,360,not_neg,not_int,not_lpsm,1198000,sb,pr,home,1U,8580,CIB,812,CIB,45-54,not_inst,40.60934891,North,direct,0,33
24965,2019,cf,Joint,nopre,type1,p1,l1,nopc,nob/c,406500,4.375,0.0301,0,360,not_neg,not_int,not_lpsm,428000,sb,pr,home,1U,10740,EXP,571,EXP,45-54,not_inst,94.97663551,central,direct,0,44
24966,2019,ncf,Sex Not Available,nopre,type1,p4,l1,nopc,nob/c,146500,,,,360,not_neg,not_int,not_lpsm,188000,sb,pr,home,1U,2400,CRIF,870,CIB,35-44,to_inst,77.92553191,south,direct,1,49
24967,2019,cf,Joint,nopre,type1,p1,l1,nopc,nob/c,306500,4.875,0.9155,1330.09,360,not_neg,not_int,not_lpsm,408000,sb,ir,home,1U,12600,CRIF,793,EXP,35-44,not_inst,75.12254902,North,direct,0,30
24968,2019,cf,Male,nopre,type1,p4,l1,nopc,nob/c,266500,3.875,0.5347,6245,300,not_neg,not_int,not_lpsm,298000,sb,pr,home,1U,5040,CRIF,804,CIB,35-44,to_inst,89.4295302,North,direct,0,26
24969,2019,cf,Sex Not Available,nopre,type1,p4,l1,nopc,nob/c,436500,3.5,0.5636,9323.75,240,not_neg,not_int,not_lpsm,588000,sb,pr,home,1U,7860,CIB,801,EXP,35-44,to_inst,74.23469388,south,direct,0,40
24970,2019,cf,Male,nopre,type1,p4,l1,nopc,nob/c,446500,3.375,-0.1955,0,360,not_neg,not_int,not_lpsm,1308000,sb,pr,home,1U,5700,CIB,711,CIB,55-64,not_inst,34.13608563,North,direct,0,47
24971,2019,cf,Female,nopre,type2,p1,l1,nopc,b/c,216500,3.5,0.8157,0,360,not_neg,not_int,not_lpsm,218000,sb,pr,home,1U,2580,CIB,673,EXP,55-64,not_inst,99.31192661,central,direct,0,49
24972,2019,cf,Sex Not Available,nopre,type1,p1,l1,nopc,nob/c,476500,3.99,0.2859,,360,not_neg,int_only,not_lpsm,688000,sb,pr,home,1U,15180,CIB,634,EXP,45-54,to_inst,69.25872093,south,direct,0,23
24973,2019,cf,Male,nopre,type1,p4,l1,nopc,nob/c,466500,3.625,0.0903,1790.25,360,not_neg,not_int,not_lpsm,658000,sb,pr,home,1U,8700,CIB,834,CIB,55-64,not_inst,70.89665653,North,direct,0,33
24974,2019,cf,Sex Not Available,nopre,type1,p4,l1,nopc,nob/c,326500,,,,240,not_neg,int_only,not_lpsm,,sb,pr,home,1U,5400,EQUI,764,EXP,25-34,not_inst,,south,direct,1,
24975,2019,cf,Joint,nopre,type2,p1,l1,nopc,b/c,656500,,,,360,not_neg,not_int,not_lpsm,678000,sb,pr,home,1U,8160,CRIF,865,EXP,25-34,not_inst,96.82890855,North,direct,1,60
24976,2019,cf,Sex Not Available,nopre,type1,p1,l1,nopc,nob/c,506500,,,,360,not_neg,not_int,not_lpsm,808000,sb,ir,home,2U,9180,EXP,593,CIB,45-54,to_inst,62.68564356,south,direct,1,44
24977,2019,cf,Sex Not Available,pre,type3,p4,l1,nopc,nob/c,246500,3.75,-0.1094,0,360,not_neg,not_int,not_lpsm,358000,sb,pr,home,1U,,EXP,511,EXP,35-44,to_inst,68.8547486,south,direct,0,
24978,2019,cf,Joint,pre,type1,p3,l1,nopc,nob/c,186500,,,,360,not_neg,not_int,not_lpsm,288000,sb,pr,home,1U,5640,CRIF,533,EXP,65-74,to_inst,64.75694444,south,direct,1,31
24979,2019,cf,Joint,nopre,type1,p3,l2,opc,nob/c,56500,4.5,0.252,,360,not_neg,int_only,not_lpsm,2008000,sb,pr,home,1U,7980,EXP,677,EXP,65-74,to_inst,2.81374502,North,direct,0,41
24980,2019,cf,Sex Not Available,nopre,type1,p4,l1,nopc,nob/c,486500,4.75,0.2531,4177.19,360,not_neg,not_int,not_lpsm,578000,sb,sr,home,1U,9840,EXP,774,CIB,65-74,to_inst,84.16955017,south,direct,0,44
24981,2019,cf,Joint,nopre,type1,p3,l1,nopc,nob/c,346500,3.99,-0.0249,6370,360,not_neg,not_int,not_lpsm,3408000,sb,pr,home,1U,11460,EXP,638,EXP,>74,to_inst,10.16725352,North,direct,0,25
24982,2019,cf,Male,pre,type1,p3,l1,nopc,nob/c,136500,3.875,0.9787,2940.31,180,not_neg,not_int,not_lpsm,348000,sb,pr,home,1U,3660,EXP,644,CIB,55-64,to_inst,39.22413793,North,direct,0,44
24983,2019,cf,Male,pre,type3,p1,l1,nopc,nob/c,586500,3.5,-0.2979,2800,360,not_neg,not_int,not_lpsm,588000,sb,pr,home,1U,7140,EXP,732,CIB,35-44,to_inst,99.74489796,south,direct,0,49
24984,2019,cf,Female,nopre,type1,p4,l1,nopc,nob/c,336500,,,,360,not_neg,not_int,lpsm,,sb,pr,home,1U,7440,EQUI,586,EXP,55-64,to_inst,,North,direct,1,
24985,2019,cf,Female,nopre,type2,p3,l1,nopc,b/c,76500,4.75,1.3051,1818.9,300,neg_amm,not_int,not_lpsm,88000,sb,pr,home,1U,2940,CIB,642,CIB,35-44,to_inst,86.93181818,North,direct,0,45
24986,2019,ncf,Male,pre,type3,p4,l1,nopc,nob/c,286500,,,,360,not_neg,not_int,not_lpsm,258000,sb,pr,home,1U,,EXP,872,CIB,65-74,to_inst,111.0465116,south,direct,1,
24987,2019,,Sex Not Available,nopre,type1,p4,l1,nopc,nob/c,136500,3.625,0.544,3817.34,180,not_neg,not_int,not_lpsm,208000,sb,pr,home,1U,3000,EXP,898,CIB,55-64,to_inst,65.625,south,direct,0,45
24988,2019,ncf,Sex Not Available,pre,type1,p1,l1,nopc,nob/c,486500,3.99,-0.168,11957.75,360,not_neg,not_int,not_lpsm,598000,sb,pr,home,1U,14640,CIB,734,CIB,45-54,to_inst,81.35451505,south,direct,0,31
24989,2019,cf,Female,nopre,type1,p1,l1,nopc,nob/c,416500,3.75,-0.4929,7265.8,360,not_neg,int_only,not_lpsm,498000,sb,pr,home,1U,3840,CIB,639,CIB,25-34,not_inst,83.63453815,North,direct,0,47
24990,2019,cf,Male,nopre,type1,p1,l1,nopc,nob/c,186500,4.875,0.3555,4950,360,not_neg,not_int,not_lpsm,348000,sb,pr,home,1U,2880,EXP,506,CIB,55-64,not_inst,53.59195402,North,direct,0,46
24991,2019,cf,Joint,nopre,type1,p4,l1,nopc,nob/c,186500,,,,360,not_neg,not_int,not_lpsm,,sb,pr,home,1U,5700,EQUI,664,EXP,65-74,to_inst,,North,direct,1,
24992,2019,cf,Male,nopre,type2,p1,l1,nopc,b/c,316500,3.375,0.7659,7628.9,360,not_neg,not_int,not_lpsm,318000,sb,pr,home,1U,7680,EXP,670,CIB,45-54,not_inst,99.52830189,North,direct,0,32
24993,2019,cf,Male,nopre,type2,p4,l1,nopc,b/c,346500,,,,360,not_neg,int_only,not_lpsm,478000,sb,pr,home,1U,,EXP,577,CIB,35-44,to_inst,72.48953975,North,direct,1,
24994,2019,cf,Male,nopre,type1,p4,l1,nopc,nob/c,326500,3.25,-0.1973,9271.25,348,not_neg,not_int,not_lpsm,438000,sb,pr,home,1U,6840,EXP,857,CIB,55-64,to_inst,74.543379,south,direct,0,46
24995,2019,cf,Joint,nopre,type1,p3,l2,nopc,nob/c,256500,4.125,0.4474,0,180,not_neg,not_int,not_lpsm,818000,sb,pr,home,1U,10260,CRIF,653,EXP,55-64,to_inst,31.35696822,North,direct,0,10
24996,2019,cf,Male,nopre,type1,p1,l1,nopc,nob/c,226500,,,,360,not_neg,not_int,not_lpsm,408000,sb,pr,home,1U,3120,CRIF,595,CIB,<25,to_inst,55.51470588,North,direct,1,41
24997,2019,cf,Joint,nopre,type1,p1,l1,nopc,nob/c,226500,4.75,0.3399,1164.27,360,neg_amm,not_int,not_lpsm,588000,sb,ir,home,1U,17340,EXP,639,EXP,55-64,not_inst,38.52040816,North,direct,0,32
24998,2019,ncf,Joint,pre,type1,p1,l1,nopc,nob/c,906500,4.375,-0.0131,1702.16,360,not_neg,not_int,not_lpsm,1308000,sb,pr,home,1U,12180,CIB,787,EXP,35-44,not_inst,69.30428135,south,direct,0,39
24999,2019,cf,Joint,nopre,type1,p4,l1,nopc,nob/c,386500,3.5,0.1222,5634.69,360,not_neg,not_int,not_lpsm,558000,sb,pr,home,1U,5520,CIB,560,EXP,45-54,to_inst,69.26523297,south,direct,0,38
25000,2019,cf,Joint,nopre,type2,p1,l1,nopc,b/c,496500,,,,360,not_neg,not_int,not_lpsm,508000,sb,pr,home,1U,6060,CRIF,613,EXP,25-34,not_inst,97.73622047,south,direct,1,56
25001,2019,ncf,Sex Not Available,nopre,type1,p3,l1,nopc,nob/c,106500,,,,180,not_neg,not_int,not_lpsm,,sb,pr,home,1U,5220,EQUI,514,EXP,45-54,to_inst,,south,direct,1,
25002,2019,cf,Sex Not Available,nopre,type1,p3,l1,nopc,nob/c,186500,3.99,0.5102,5937.5,360,not_neg,not_int,not_lpsm,528000,sb,pr,home,1U,2640,EXP,867,EXP,45-54,to_inst,35.3219697,south,direct,0,49
25003,2019,cf,Female,nopre,type1,p4,l1,nopc,nob/c,246500,4.875,0.5887,7.9,360,neg_amm,not_int,not_lpsm,288000,sb,pr,home,1U,4920,CRIF,717,CIB,55-64,to_inst,85.59027778,North,direct,0,36
25004,2019,ncf,Sex Not Available,nopre,type1,p1,l1,nopc,nob/c,126500,,,,324,neg_amm,not_int,not_lpsm,,sb,pr,home,1U,4800,EQUI,872,EXP,>74,to_inst,,south,direct,1,
25005,2019,cf,Sex Not Available,pre,type2,p1,l1,nopc,b/c,226500,3.875,1.2341,2171.25,360,not_neg,not_int,not_lpsm,228000,sb,pr,home,1U,4200,EXP,619,CIB,45-54,to_inst,99.34210526,south,direct,0,60
25006,2019,cf,Male,nopre,type3,p4,l1,nopc,nob/c,416500,2.99,-0.5876,0,360,not_neg,not_int,not_lpsm,508000,sb,pr,home,1U,,EXP,668,CIB,45-54,to_inst,81.98818898,central,direct,0,
25007,2019,cf,Joint,nopre,type1,p4,l1,nopc,nob/c,146500,4.125,0.4603,1977.81,360,not_neg,not_int,not_lpsm,208000,sb,pr,home,1U,8160,EXP,640,EXP,45-54,to_inst,70.43269231,North,direct,0,42
25008,2019,cf,Female,pre,type2,p4,l1,nopc,b/c,216500,,,,360,not_neg,not_int,not_lpsm,,sb,pr,home,1U,4440,EQUI,600,EXP,55-64,to_inst,,North,direct,1,
25009,2019,cf,Male,nopre,type1,p4,l1,nopc,nob/c,396500,3.375,-0.2118,5955,360,not_neg,not_int,not_lpsm,768000,sb,pr,home,1U,11400,CRIF,524,CIB,55-64,not_inst,51.62760417,North,direct,0,15
25010,2019,cf,Female,nopre,type1,p1,l1,nopc,nob/c,246500,4.75,0.1691,1030.39,360,not_neg,not_int,not_lpsm,318000,sb,pr,home,1U,3240,EXP,883,CIB,25-34,not_inst,77.51572327,North,direct,0,40
25011,2019,cf,Sex Not Available,nopre,type3,p3,l1,nopc,nob/c,316500,4.25,0.0562,6034.95,360,not_neg,not_int,not_lpsm,388000,sb,pr,home,1U,3300,CIB,503,EXP,65-74,to_inst,81.57216495,south,direct,0,53
25012,2019,ncf,Joint,pre,type1,p1,l1,nopc,nob/c,296500,4.25,0.5813,8112.5,360,not_neg,not_int,not_lpsm,318000,sb,pr,home,1U,3840,CRIF,887,EXP,45-54,not_inst,93.23899371,North,direct,0,46
25013,2019,cf,Male,nopre,type3,p4,l1,nopc,nob/c,436500,3.99,-0.051,776.37,360,not_neg,not_int,not_lpsm,558000,sb,pr,home,1U,,CRIF,604,EXP,65-74,to_inst,78.22580645,North,direct,0,
25014,2019,cf,Female,pre,type1,p3,l1,nopc,nob/c,226500,,,,360,not_neg,not_int,not_lpsm,288000,sb,pr,home,1U,6600,CRIF,644,CIB,35-44,to_inst,78.64583333,south,direct,1,31
25015,2019,ncf,Joint,nopre,type3,p4,l1,nopc,nob/c,506500,3.125,-0.4337,5027.23,360,not_neg,not_int,not_lpsm,578000,sb,pr,home,1U,,CRIF,648,EXP,35-44,not_inst,87.62975779,central,direct,0,
25016,2019,cf,Male,nopre,type1,p4,l1,nopc,nob/c,296500,3.625,-0.0589,90.03,360,not_neg,not_int,not_lpsm,608000,sb,pr,home,1U,8400,CIB,797,CIB,35-44,not_inst,48.76644737,south,direct,0,7
25017,2019,cf,Sex Not Available,nopre,type1,p4,l1,nopc,nob/c,386500,3.625,0.014,0,360,not_neg,int_only,not_lpsm,598000,sb,pr,home,1U,5820,EXP,806,CIB,25-34,to_inst,64.63210702,south,direct,0,38
25018,2019,cf,Joint,nopre,type1,p3,l1,nopc,nob/c,106500,4.5,1.2132,3041.75,120,not_neg,not_int,not_lpsm,618000,sb,pr,home,1U,6540,CRIF,845,EXP,55-64,to_inst,17.23300971,central,direct,0,19
25019,2019,cf,Sex Not Available,nopre,type1,p4,l1,nopc,nob/c,706500,4,0.2072,0,360,not_neg,not_int,not_lpsm,898000,sb,pr,home,1U,15240,CRIF,815,CIB,45-54,not_inst,78.67483296,North,direct,0,27
25020,2019,cf,Male,nopre,type1,p3,l1,nopc,nob/c,176500,3.75,1.0893,4736,180,not_neg,not_int,not_lpsm,278000,sb,pr,home,1U,5280,CIB,585,CIB,45-54,to_inst,63.48920863,North,direct,0,37
25021,2019,cf,Joint,nopre,type1,p1,l1,nopc,nob/c,496500,5.19,1.0083,7608.1,360,neg_amm,not_int,not_lpsm,588000,sb,pr,home,1U,8280,CIB,729,EXP,35-44,not_inst,84.43877551,south,direct,0,40
25022,2019,cf,Female,nopre,type1,p3,l1,nopc,nob/c,606500,4.875,0.6654,0,360,not_neg,not_int,not_lpsm,978000,sb,pr,home,1U,16740,EXP,538,CIB,65-74,not_inst,62.01431493,North,direct,0,20
25023,2019,cf,Female,nopre,type2,p1,l1,nopc,b/c,126500,4.49,1.987,123.61,360,not_neg,not_int,not_lpsm,138000,sb,pr,home,1U,2220,CIB,629,CIB,65-74,to_inst,91.66666667,North,direct,0,55
25024,2019,cf,Male,nopre,type2,p3,l1,nopc,b/c,156500,3.375,1.4935,4653.09,180,not_neg,not_int,not_lpsm,198000,sb,pr,home,1U,3780,CIB,791,CIB,55-64,to_inst,79.04040404,North,direct,0,30
25025,2019,cf,Female,nopre,type1,p4,l1,nopc,nob/c,196500,,,,360,not_neg,not_int,not_lpsm,208000,sb,pr,home,1U,5580,CRIF,671,CIB,55-64,to_inst,94.47115385,North,direct,1,36
25026,2019,cf,Joint,nopre,type1,p3,l1,nopc,nob/c,256500,4.5,0.4361,295,360,not_neg,not_int,not_lpsm,1308000,sb,pr,home,1U,11760,CIB,787,EXP,45-54,to_inst,19.61009174,North,direct,0,42
25027,2019,ncf,Male,nopre,type1,p3,l1,nopc,nob/c,1376500,,,,360,not_neg,not_int,not_lpsm,1708000,sb,pr,home,1U,54300,EXP,572,CIB,55-64,not_inst,80.59133489,North,direct,1,10
25028,2019,cf,Sex Not Available,nopre,type1,p4,l1,nopc,nob/c,376500,3.875,0.017,0,360,not_neg,not_int,not_lpsm,608000,sb,pr,home,1U,4680,CIB,755,CIB,35-44,not_inst,61.92434211,south,direct,0,41
25029,2019,cf,Joint,nopre,type1,p4,l1,nopc,nob/c,296500,4.375,0.4093,3709.03,360,not_neg,not_int,not_lpsm,438000,sb,pr,home,1U,4140,CRIF,670,EXP,65-74,to_inst,67.69406393,North,direct,0,44
25030,2019,cf,Joint,nopre,type1,p4,l1,nopc,nob/c,566500,,,,360,neg_amm,not_int,not_lpsm,,sb,pr,home,1U,8580,EQUI,760,EXP,45-54,not_inst,,North,direct,1,
25031,2019,cf,Joint,pre,type1,p1,l1,nopc,nob/c,416500,3.875,-0.0958,7530.66,360,not_neg,not_int,not_lpsm,858000,sb,pr,home,1U,10020,CIB,578,EXP,35-44,to_inst,48.54312354,south,direct,0,24
25032,2019,cf,Female,nopre,type1,p4,l2,nopc,nob/c,476500,4.125,-0.113,0,360,not_neg,not_int,not_lpsm,808000,sb,pr,home,1U,9000,CIB,648,CIB,45-54,not_inst,58.97277228,North,direct,0,38
25033,2019,cf,Sex Not Available,nopre,type3,p4,l1,nopc,nob/c,686500,,,,360,not_neg,not_int,not_lpsm,,sb,pr,home,1U,0,EQUI,836,EXP,45-54,to_inst,,south,direct,1,
25034,2019,cf,Joint,nopre,type1,p3,l1,nopc,nob/c,556500,,,,240,neg_amm,not_int,not_lpsm,,sb,ir,home,2U,25680,EQUI,900,EXP,45-54,not_inst,,south,direct,1,
25035,2019,cf,Female,nopre,type1,p3,l1,nopc,nob/c,266500,4.875,0.479,0,360,not_neg,not_int,not_lpsm,568000,sb,pr,home,1U,8580,CIB,777,EXP,55-64,to_inst,46.91901408,North,direct,0,39
25036,2019,cf,Joint,nopre,type1,p1,l1,nopc,nob/c,406500,3.75,0.3313,9618.75,360,not_neg,not_int,not_lpsm,458000,sb,pr,home,1U,7080,EXP,765,EXP,35-44,not_inst,88.75545852,North,direct,0,36
25037,2019,cf,Male,nopre,type3,p4,l1,nopc,nob/c,256500,2.875,-0.6287,2476.72,360,not_neg,not_int,not_lpsm,758000,sb,pr,home,1U,,CRIF,534,CIB,65-74,not_inst,33.83905013,North,direct,0,
25038,2019,cf,Joint,nopre,type3,p1,l1,nopc,nob/c,236500,5.125,0.6871,0,360,not_neg,not_int,not_lpsm,238000,sb,pr,home,1U,4920,CIB,667,EXP,65-74,not_inst,99.3697479,central,direct,0,36
25039,2019,cf,Male,nopre,type2,p3,l1,nopc,b/c,656500,,,,360,not_neg,not_int,not_lpsm,,sb,pr,home,1U,8640,EQUI,880,EXP,35-44,to_inst,,North,direct,1,
25040,2019,cf,Male,nopre,type1,p3,l1,nopc,nob/c,156500,4.625,1.0547,4115,360,not_neg,not_int,not_lpsm,258000,sb,pr,home,1U,3960,CIB,820,CIB,45-54,to_inst,60.65891473,south,direct,0,31
25041,2019,ncf,Male,pre,type1,p1,l1,nopc,nob/c,406500,4,-0.043,6500,360,not_neg,not_int,not_lpsm,478000,sb,pr,home,1U,3600,EXP,568,CIB,25-34,not_inst,85.041841,North,direct,0,49
25042,2019,cf,Female,nopre,type1,p3,l2,nopc,nob/c,476500,4.875,1.3139,5284.38,360,not_neg,not_int,not_lpsm,638000,sb,pr,home,1U,6180,EXP,805,EXP,>74,to_inst,74.68652038,south,direct,0,48
25043,2019,cf,Male,nopre,type1,p4,l1,nopc,nob/c,676500,3.99,-0.297,995,360,not_neg,not_int,not_lpsm,1208000,sb,pr,home,1U,10080,CRIF,590,CIB,55-64,not_inst,56.00165563,south,direct,0,35
25044,2019,cf,Male,nopre,type2,p4,l1,nopc,b/c,206500,3.375,0.3492,0,360,not_neg,not_int,not_lpsm,238000,sb,pr,home,1U,,EXP,892,CIB,35-44,to_inst,86.76470588,North,direct,0,
25045,2019,,Sex Not Available,nopre,type2,p3,l1,nopc,b/c,126500,3.99,1.8342,,240,not_neg,not_int,not_lpsm,188000,sb,pr,home,1U,2520,CRIF,540,CIB,55-64,to_inst,67.28723404,North,direct,0,40
25046,2019,cf,Joint,nopre,type1,p3,l1,nopc,nob/c,366500,4.56,0.5541,5060,360,not_neg,not_int,not_lpsm,468000,sb,pr,home,1U,10200,CIB,869,EXP,55-64,to_inst,78.31196581,North,direct,0,32
25047,2019,cf,Male,nopre,type1,p4,l1,nopc,nob/c,156500,,,,180,not_neg,not_int,not_lpsm,208000,sb,pr,home,1U,2520,CIB,737,CIB,>74,to_inst,75.24038462,North,direct,1,59
25048,2019,cf,Male,nopre,type1,p3,l1,nopc,nob/c,276500,3.99,0.3337,3149.5,360,not_neg,not_int,not_lpsm,648000,sb,ir,home,1U,7980,CIB,831,CIB,65-74,not_inst,42.66975309,North,direct,0,49
25049,2019,cf,Joint,nopre,type2,p1,l1,nopc,b/c,636500,,,,360,not_neg,not_int,not_lpsm,668000,sb,pr,home,1U,11640,CIB,671,EXP,45-54,not_inst,95.28443114,North,direct,1,57
25050,2019,cf,Sex Not Available,nopre,type1,p3,l1,nopc,nob/c,486500,3.625,0.0403,0,360,not_neg,not_int,not_lpsm,908000,sb,pr,home,1U,13560,CRIF,608,CIB,65-74,not_inst,53.57929515,south,direct,0,26
25051,2019,cf,Male,nopre,type3,p4,l1,nopc,nob/c,266500,3.125,-0.6033,1560.45,360,not_neg,not_int,not_lpsm,288000,sb,pr,home,1U,,CRIF,803,CIB,65-74,to_inst,92.53472222,North,direct,0,
25052,2019,cf,Joint,nopre,type1,p3,l1,nopc,nob/c,356500,3.625,-0.1012,2421,360,not_neg,not_int,not_lpsm,588000,sb,pr,home,1U,4800,CRIF,795,EXP,65-74,not_inst,60.6292517,North,direct,0,42
25053,2019,cf,Joint,nopre,type1,p4,l1,nopc,nob/c,396500,3.625,0.0897,4663.95,360,not_neg,not_int,not_lpsm,538000,sb,ir,home,1U,26100,EXP,642,EXP,55-64,not_inst,73.69888476,North,direct,0,9
25054,2019,cf,Male,nopre,type1,p4,l1,nopc,nob/c,486500,3.375,-0.1318,169.53,360,not_neg,not_int,not_lpsm,618000,sb,pr,home,1U,9000,EXP,674,CIB,35-44,not_inst,78.72168285,south,direct,0,30
25055,2019,cf,Female,nopre,type1,p4,l1,nopc,nob/c,716500,3.99,0.4348,14702,360,not_neg,not_int,lpsm,1138000,sb,pr,home,1U,14220,CRIF,804,EXP,>74,not_inst,62.96133568,south,direct,0,42
25056,2019,cf,Female,nopre,type1,p3,l1,nopc,nob/c,596500,4.125,0.724,,360,not_neg,not_int,not_lpsm,798000,sb,pr,home,1U,10800,EXP,788,EXP,45-54,not_inst,74.74937343,central,direct,0,41
25057,2019,cf,Male,nopre,type1,p1,l1,nopc,nob/c,636500,4.125,0.048,3520.2,360,not_neg,not_int,not_lpsm,798000,sb,pr,home,1U,19620,CIB,737,CIB,45-54,not_inst,79.76190476,North,direct,0,10
25058,2019,cf,Male,nopre,type2,p4,l1,nopc,b/c,116500,,,,360,not_neg,not_int,not_lpsm,118000,sb,pr,home,1U,2640,CIB,781,CIB,45-54,to_inst,98.72881356,south,direct,1,44
25059,2019,cf,Male,nopre,type1,p1,l1,nopc,nob/c,376500,3.75,0.4232,6536.25,360,not_neg,not_int,not_lpsm,418000,sb,sr,home,1U,11880,CIB,545,CIB,45-54,to_inst,90.07177033,North,direct,0,36
25060,2019,cf,Joint,nopre,type1,p3,l1,nopc,nob/c,356500,4.375,0.7168,3368.75,240,not_neg,not_int,not_lpsm,658000,sb,pr,home,1U,6660,CRIF,796,EXP,65-74,to_inst,54.17933131,North,direct,0,40
25061,2019,cf,Female,pre,type2,p4,l1,nopc,b/c,86500,,,,360,not_neg,not_int,not_lpsm,88000,sb,pr,home,1U,3240,EXP,660,CIB,45-54,to_inst,98.29545455,central,direct,1,50
25062,2019,cf,Sex Not Available,nopre,type1,p4,l1,nopc,nob/c,226500,3.5,0.0677,6549.46,324,not_neg,not_int,not_lpsm,288000,sb,pr,home,1U,3360,CIB,850,CIB,25-34,to_inst,78.64583333,south,direct,0,42
25063,2019,cf,Female,nopre,type2,p2,l2,nopc,b/c,66500,4.125,1.1254,1772.02,360,not_neg,not_int,not_lpsm,198000,sb,pr,home,1U,840,CRIF,851,CIB,35-44,to_inst,33.58585859,central,direct,0,48
25064,2019,cf,Sex Not Available,nopre,type1,p1,l1,nopc,nob/c,556500,4.5,0.6439,935,360,not_neg,not_int,not_lpsm,628000,sb,pr,home,1U,7020,CRIF,794,EXP,55-64,not_inst,88.61464968,south,direct,0,48
25065,2019,cf,Female,nopre,type2,p4,l1,nopc,b/c,376500,,,,360,neg_amm,not_int,not_lpsm,378000,sb,pr,home,1U,,EXP,866,EXP,35-44,to_inst,99.6031746,south,direct,1,
25066,2019,cf,Sex Not Available,nopre,type2,p1,l1,nopc,b/c,106500,,,,360,neg_amm,not_int,not_lpsm,118000,sb,pr,home,1U,1500,CIB,777,CIB,45-54,to_inst,90.25423729,south,direct,1,31
25067,2019,cf,Joint,nopre,type1,p4,l1,nopc,nob/c,316500,4.5,0.012,0,360,neg_amm,not_int,not_lpsm,428000,sb,pr,home,1U,9180,CRIF,780,EXP,45-54,not_inst,73.94859813,North,direct,0,32
25068,2019,cf,Female,pre,type2,p3,l1,nopc,b/c,116500,3.625,0.8732,3718.63,360,not_neg,not_int,not_lpsm,138000,sb,pr,home,1U,3960,EXP,611,CIB,45-54,to_inst,84.42028986,south,direct,0,59
25069,2019,cf,Female,pre,type1,p2,l1,nopc,nob/c,86500,3.7,-0.0746,415,360,not_neg,not_int,not_lpsm,308000,sb,pr,home,1U,4440,EXP,584,EXP,65-74,to_inst,28.08441558,North,direct,0,21
25070,2019,cf,Joint,nopre,type3,p1,l1,nopc,nob/c,326500,4.25,0.2517,0,360,not_neg,not_int,not_lpsm,318000,sb,pr,home,1U,6480,CRIF,621,EXP,25-34,not_inst,102.672956,south,direct,0,28
25071,2019,cf,Male,nopre,type1,p4,l1,nopc,nob/c,176500,4.5,0.9662,2665.52,360,not_neg,not_int,not_lpsm,218000,sb,ir,home,1U,4140,EXP,660,CIB,<25,not_inst,80.96330275,North,direct,0,36
25072,2019,,Sex Not Available,nopre,type2,p1,l1,nopc,b/c,156500,,,,360,not_neg,not_int,not_lpsm,158000,sb,pr,home,1U,1860,CRIF,862,CIB,45-54,to_inst,99.05063291,south,direct,1,45
25073,2019,cf,Sex Not Available,nopre,type2,p3,l1,nopc,b/c,346500,3.99,1.1306,6935.77,360,neg_amm,not_int,not_lpsm,418000,sb,pr,home,1U,8280,CRIF,829,EXP,45-54,to_inst,82.89473684,south,direct,0,33
25074,2019,cf,Male,nopre,type1,p4,l1,nopc,nob/c,616500,2.99,-0.2418,1958.1,180,not_neg,not_int,not_lpsm,828000,sb,pr,home,1U,9900,CIB,848,CIB,25-34,not_inst,74.45652174,south,direct,0,38
25075,2019,cf,Sex Not Available,pre,type1,p1,l1,nopc,nob/c,456500,,,,180,not_neg,not_int,not_lpsm,578000,sb,sr,home,1U,78120,CIB,775,CIB,55-64,to_inst,78.97923875,south,direct,1,19
25076,2019,cf,Male,nopre,type2,p3,l1,nopc,b/c,96500,4.625,0.8361,2054.53,360,not_neg,not_int,not_lpsm,138000,sb,pr,home,1U,3180,CIB,812,EXP,55-64,to_inst,69.92753623,North,direct,0,46
25077,2019,cf,Male,nopre,type1,p4,l1,nopc,nob/c,256500,3.75,0.144,5220.49,360,not_neg,not_int,not_lpsm,398000,sb,pr,home,1U,3540,CIB,733,CIB,25-34,to_inst,64.44723618,North,direct,0,44
25078,2019,cf,Male,pre,type2,p1,l1,nopc,b/c,146500,4.125,1.7615,2920.33,360,not_neg,not_int,not_lpsm,158000,sb,pr,home,1U,3120,CIB,700,CIB,25-34,to_inst,92.72151899,North,direct,0,40
25079,2019,cf,Sex Not Available,nopre,type1,p3,l1,nopc,nob/c,316500,4.5,0.1427,7035.03,360,neg_amm,not_int,not_lpsm,468000,sb,pr,home,1U,6960,CRIF,781,EXP,35-44,to_inst,67.62820513,south,direct,0,42
25080,2019,,Joint,nopre,type2,p1,l1,nopc,b/c,76500,,,,360,neg_amm,not_int,not_lpsm,,sb,pr,home,1U,3180,EQUI,633,EXP,25-34,to_inst,,North,direct,1,
25081,2019,ncf,Sex Not Available,nopre,type3,p4,l1,nopc,nob/c,406500,3.75,0.0028,0,360,not_neg,not_int,not_lpsm,408000,sb,pr,home,1U,,EXP,702,CIB,25-34,to_inst,99.63235294,south,direct,0,
25082,2019,cf,Female,nopre,type1,p1,l1,nopc,nob/c,116500,,,,360,not_neg,not_int,not_lpsm,108000,sb,pr,home,1U,1980,EXP,882,CIB,55-64,to_inst,107.8703704,North,direct,1,37
25083,2019,cf,Male,nopre,type1,p1,l1,nopc,nob/c,136500,,,,180,not_neg,not_int,not_lpsm,278000,sb,ir,home,1U,18420,CIB,880,EXP,25-34,to_inst,49.10071942,south,direct,1,10
25084,2019,cf,Sex Not Available,nopre,type1,p2,l1,nopc,nob/c,206500,,,,360,not_neg,not_int,lpsm,248000,sb,pr,home,1U,2940,EXP,686,CIB,>74,to_inst,83.26612903,south,direct,1,37
25085,2019,cf,Joint,nopre,type2,p3,l1,nopc,b/c,306500,,,,360,not_neg,not_int,lpsm,,sb,pr,home,1U,6840,EQUI,733,EXP,45-54,to_inst,,North,direct,1,
25086,2019,cf,Sex Not Available,nopre,type1,p2,l1,nopc,nob/c,166500,4.25,0.6468,2650,360,not_neg,not_int,not_lpsm,618000,sb,pr,home,1U,1740,EXP,652,EXP,55-64,to_inst,26.94174757,south,direct,0,58
25087,2019,cf,Sex Not Available,,type2,p4,l1,nopc,b/c,216500,3.75,1.0432,0,360,not_neg,int_only,not_lpsm,228000,sb,pr,home,1U,,CRIF,524,EXP,25-34,to_inst,94.95614035,south,direct,0,
25088,2019,cf,Male,nopre,type1,p1,l1,nopc,nob/c,306500,4.56,0.2789,0,360,neg_amm,not_int,not_lpsm,338000,sb,sr,home,1U,8280,CRIF,705,CIB,25-34,not_inst,90.68047337,North,direct,0,49
25089,2019,ncf,Joint,nopre,type1,p4,l1,nopc,nob/c,826500,4.25,-0.0492,485.55,360,not_neg,not_int,not_lpsm,1268000,sb,pr,home,1U,13140,CIB,844,EXP,45-54,to_inst,65.18138801,North,direct,0,29
25090,2019,cf,Joint,pre,type1,p1,l1,nopc,nob/c,136500,3.5,0.3056,2882.81,360,not_neg,not_int,not_lpsm,138000,sb,pr,home,1U,2220,CRIF,642,EXP,25-34,to_inst,98.91304348,North,direct,0,47
25091,2019,cf,Sex Not Available,nopre,type1,p4,l1,nopc,nob/c,346500,4.875,0.575,3334.84,360,not_neg,not_int,not_lpsm,538000,sb,ir,home,1U,18240,CIB,649,EXP,45-54,to_inst,64.40520446,south,direct,0,45
25092,2019,cf,Male,nopre,type1,p4,l1,nopc,nob/c,386500,3.625,-0.1928,0,180,not_neg,not_int,not_lpsm,558000,sb,pr,home,1U,8760,CRIF,557,CIB,35-44,not_inst,69.26523297,North,direct,0,29
25093,2019,cf,Joint,nopre,type1,p4,l1,nopc,nob/c,706500,,,,180,not_neg,not_int,not_lpsm,1068000,sb,pr,home,1U,15840,CRIF,866,EXP,45-54,not_inst,66.15168539,North,direct,1,35
25094,2019,ncf,Sex Not Available,pre,type1,p3,l1,nopc,nob/c,276500,3.875,0.2794,8010,360,not_neg,not_int,not_lpsm,338000,sb,pr,home,1U,5880,CRIF,761,EXP,65-74,to_inst,81.80473373,south,direct,0,49
25095,2019,cf,Sex Not Available,nopre,type2,p2,l1,nopc,b/c,26500,4.75,1.3925,662.44,360,neg_amm,not_int,not_lpsm,78000,sb,pr,home,1U,1260,EXP,569,CIB,55-64,to_inst,33.97435897,south,direct,0,24
25096,2019,cf,Joint,nopre,type3,p4,l1,nopc,nob/c,276500,2.75,-0.8623,8079.2,360,not_neg,not_int,not_lpsm,488000,sb,pr,home,1U,,CIB,523,EXP,55-64,to_inst,56.65983607,North,direct,0,
25097,2019,cf,Joint,nopre,type1,p3,l1,nopc,nob/c,186500,4.99,0.6403,1150,360,neg_amm,not_int,not_lpsm,388000,sb,pr,home,1U,2100,EXP,740,EXP,55-64,to_inst,48.06701031,North,direct,0,43
25098,2019,cf,Male,nopre,type1,p4,l1,nopc,nob/c,366500,,,,360,not_neg,not_int,not_lpsm,858000,sb,pr,home,1U,0,EXP,638,CIB,45-54,to_inst,42.71561772,North,direct,1,6
25099,2019,cf,Joint,nopre,type1,p4,l1,nopc,nob/c,666500,4.375,0.1084,1063.16,360,not_neg,not_int,not_lpsm,768000,sb,pr,home,1U,18000,EXP,506,EXP,55-64,not_inst,86.78385417,North,direct,0,36
25100,2019,cf,Male,pre,type1,p1,l1,nopc,nob/c,226500,4.75,0.0368,2280,360,not_neg,not_int,not_lpsm,288000,sb,pr,home,1U,4320,CRIF,803,CIB,35-44,to_inst,78.64583333,central,direct,0,44
25101,2019,cf,Male,nopre,type1,p4,l1,nopc,nob/c,106500,,,,240,not_neg,not_int,lpsm,,sb,pr,home,1U,1680,EQUI,880,EXP,45-54,to_inst,,central,direct,1,
25102,2019,cf,Joint,nopre,type2,p4,l1,nopc,b/c,426500,3.375,0.5422,0,360,not_neg,not_int,not_lpsm,438000,sb,pr,home,1U,,EXP,690,EXP,35-44,not_inst,97.37442922,North,direct,0,
25103,2019,cf,Joint,pre,type1,p4,l1,nopc,nob/c,216500,4.25,-0.0666,0,360,not_neg,not_int,not_lpsm,408000,sb,pr,home,1U,4560,CRIF,616,EXP,25-34,not_inst,53.06372549,North,direct,0,33
25104,2019,cf,Male,nopre,type3,p1,l1,nopc,nob/c,146500,3.625,0.5321,1109.31,360,not_neg,not_int,not_lpsm,148000,sb,pr,home,1U,2460,CIB,648,CIB,<25,not_inst,98.98648649,North,direct,0,42
25105,2019,cf,Joint,nopre,type1,p4,l1,nopc,nob/c,676500,3.625,-0.0633,0,360,not_neg,not_int,not_lpsm,1298000,sb,pr,home,1U,9060,EXP,660,EXP,55-64,not_inst,52.11864407,North,direct,0,33
25106,2019,cf,Female,nopre,type2,p3,l2,nopc,b/c,316500,,,,300,neg_amm,not_int,not_lpsm,298000,sb,pr,home,1U,8220,CRIF,782,EXP,35-44,to_inst,106.2080537,North,direct,1,59
25107,2019,cf,Joint,nopre,type1,p3,l1,nopc,nob/c,76500,4.75,1.3172,2650,180,not_neg,not_int,not_lpsm,208000,sb,pr,home,1U,7380,EXP,601,EXP,55-64,to_inst,36.77884615,North,direct,0,9
25108,2019,cf,Male,nopre,type1,p3,l1,nopc,nob/c,446500,4.875,1.1415,,180,not_neg,not_int,not_lpsm,638000,sb,pr,home,1U,7440,EXP,809,CIB,55-64,to_inst,69.98432602,south,direct,0,48
25109,2019,cf,Joint,pre,type1,p2,l1,nopc,nob/c,256500,4.875,1.0371,0,180,not_neg,not_int,not_lpsm,548000,sb,ir,home,1U,10800,CIB,855,EXP,25-34,not_inst,46.80656934,south,direct,0,38
25110,2019,cf,Male,nopre,type3,p3,l1,nopc,nob/c,406500,,,,360,not_neg,not_int,not_lpsm,,sb,pr,home,1U,7560,EQUI,768,EXP,45-54,not_inst,,North,direct,1,
25111,2019,cf,Joint,pre,type1,p4,l1,nopc,nob/c,196500,,,,360,not_neg,not_int,not_lpsm,,sb,pr,home,1U,7500,EQUI,627,EXP,>74,to_inst,,North,direct,1,
25112,2019,cf,Sex Not Available,nopre,type1,p3,l1,nopc,nob/c,266500,,,,360,not_neg,not_int,not_lpsm,358000,sb,pr,home,1U,1380,CRIF,854,EXP,55-64,to_inst,74.44134078,south,direct,1,17
25113,2019,cf,Female,nopre,type1,p4,l1,nopc,nob/c,196500,3.875,0.5523,3620,360,not_neg,not_int,not_lpsm,248000,sb,pr,home,1U,4020,CRIF,700,CIB,>74,to_inst,79.23387097,south,direct,0,45
25114,2019,cf,Male,nopre,type1,p4,l1,nopc,nob/c,56500,,,,180,not_neg,not_int,not_lpsm,158000,sb,pr,home,1U,2220,CRIF,762,CIB,55-64,to_inst,35.75949367,south,direct,1,20
25115,2019,cf,Joint,pre,type1,p3,l1,nopc,nob/c,546500,,,,360,not_neg,not_int,not_lpsm,,sb,pr,home,1U,10440,EQUI,746,EXP,45-54,not_inst,,south,direct,1,
25116,2019,cf,Sex Not Available,nopre,type1,p4,l1,nopc,nob/c,336500,3.25,-0.2676,10510.76,324,not_neg,not_int,not_lpsm,808000,sb,pr,home,1U,4800,CRIF,592,EXP,25-34,to_inst,41.6460396,south,direct,0,43
25117,2019,ncf,Sex Not Available,nopre,type1,p3,l1,nopc,nob/c,986500,4.375,0.8453,19700,360,not_neg,not_int,not_lpsm,1298000,sb,pr,home,1U,12240,CIB,703,EXP,45-54,to_inst,76.00154083,south,direct,0,42
25118,2019,cf,Male,nopre,type2,p1,l1,nopc,b/c,566500,3.375,0.5851,0,360,not_neg,not_int,not_lpsm,578000,sb,pr,home,1U,7620,EXP,613,CIB,25-34,not_inst,98.01038062,North,direct,0,50
25119,2019,cf,Joint,nopre,type1,p4,l1,nopc,nob/c,526500,3.75,0.042,0,360,not_neg,not_int,not_lpsm,748000,sb,pr,home,1U,9660,CIB,697,EXP,35-44,not_inst,70.38770053,south,direct,0,45
25120,2019,cf,Joint,nopre,type1,p3,l1,nopc,nob/c,476500,,,,360,not_neg,not_int,not_lpsm,,sb,pr,home,1U,6480,EQUI,740,EXP,45-54,not_inst,,North,direct,1,
25121,2019,cf,Sex Not Available,nopre,type2,p3,l1,nopc,b/c,186500,3.5,0.5933,3454.55,360,not_neg,not_int,not_lpsm,218000,sb,pr,home,1U,4260,CIB,545,CIB,55-64,to_inst,85.55045872,south,direct,0,49
25122,2019,cf,Sex Not Available,nopre,type1,p3,l1,nopc,nob/c,316500,4.75,0.5864,5301.38,360,not_neg,not_int,not_lpsm,418000,sb,pr,home,1U,5280,CIB,710,CIB,55-64,to_inst,75.71770335,south,direct,0,39
25123,2019,cf,Male,nopre,type1,p3,l1,nopc,nob/c,276500,4.125,0.616,6656,360,not_neg,not_int,not_lpsm,318000,sb,pr,home,1U,10740,CRIF,664,EXP,35-44,to_inst,86.94968553,North,direct,0,31
25124,2019,cf,Female,nopre,type2,p4,l1,nopc,b/c,606500,3.625,0.9243,0,360,not_neg,not_int,not_lpsm,648000,sb,pr,home,1U,,CRIF,522,CIB,35-44,not_inst,93.59567901,central,direct,0,
25125,2019,cf,Joint,nopre,type1,p3,l1,nopc,nob/c,476500,3.99,0.4919,7618.75,360,not_neg,not_int,not_lpsm,638000,sb,pr,home,1U,8160,EXP,789,EXP,25-34,to_inst,74.68652038,North,direct,0,41
25126,2019,cf,Joint,nopre,type1,p4,l1,nopc,nob/c,526500,4.375,0.0742,0,360,not_neg,not_int,not_lpsm,788000,sb,pr,home,1U,9960,CRIF,898,EXP,25-34,not_inst,66.81472081,North,direct,0,24
25127,2019,ncf,Male,nopre,type1,p4,l1,nopc,nob/c,566500,3.625,-0.2959,0,360,neg_amm,not_int,not_lpsm,928000,sb,pr,home,1U,13500,CRIF,693,CIB,35-44,to_inst,61.04525862,North,direct,0,23
25128,2019,,Female,nopre,type1,p3,l1,nopc,nob/c,236500,4.5,0.7409,1752.4,360,not_neg,not_int,not_lpsm,318000,sb,pr,home,1U,5400,CIB,571,EXP,65-74,not_inst,74.37106918,North,direct,0,41
25129,2019,cf,Joint,nopre,type1,p3,l1,nopc,nob/c,256500,4.875,0.6868,3698,360,not_neg,int_only,not_lpsm,388000,sb,pr,home,1U,7320,CRIF,597,EXP,45-54,to_inst,66.10824742,North,direct,0,19
25130,2019,cf,Joint,nopre,type1,p1,l1,nopc,nob/c,586500,,,,360,not_neg,not_int,not_lpsm,,sb,pr,home,1U,8220,EQUI,680,EXP,65-74,not_inst,,North,direct,1,
25131,2019,cf,Male,nopre,type1,p3,l1,nopc,nob/c,316500,,,,360,not_neg,not_int,not_lpsm,,sb,pr,home,1U,5640,EQUI,571,EXP,>74,to_inst,,North,direct,1,
25132,2019,cf,Female,pre,type1,p1,l1,nopc,nob/c,156500,4.5,0.4876,2812.5,360,not_neg,not_int,not_lpsm,278000,sb,pr,home,1U,3600,CIB,575,CIB,45-54,to_inst,56.29496403,North,direct,0,23
25133,2019,cf,Male,nopre,type1,p4,l1,nopc,nob/c,436500,3.99,0.5022,0,360,not_neg,not_int,not_lpsm,518000,sb,pr,home,1U,6600,CIB,694,CIB,35-44,not_inst,84.26640927,North,direct,0,44
25134,2019,cf,Male,nopre,type1,p3,l1,nopc,nob/c,486500,3.99,0.2872,4275,360,not_neg,not_int,not_lpsm,938000,sb,pr,home,1U,16080,EXP,581,EXP,55-64,to_inst,51.86567164,south,direct,0,39
25135,2019,cf,Male,nopre,type1,p3,l1,nopc,nob/c,356500,,,,360,not_neg,not_int,not_lpsm,488000,sb,pr,home,1U,5100,CIB,796,CIB,35-44,not_inst,73.05327869,North,direct,1,40
25136,2019,cf,Sex Not Available,nopre,type1,p4,l1,nopc,nob/c,266500,,,,360,not_neg,not_int,not_lpsm,378000,sb,pr,home,1U,2700,EXP,678,EXP,45-54,to_inst,70.5026455,south,direct,1,42
25137,2019,cf,Joint,nopre,type1,p3,l1,nopc,nob/c,186500,4.25,-0.0995,1552.63,360,not_neg,int_only,not_lpsm,418000,sb,pr,home,1U,2280,CIB,714,EXP,65-74,to_inst,44.61722488,North,direct,0,38
25138,2019,cf,Joint,pre,type1,p3,l1,nopc,nob/c,126500,4.875,1.2777,1928.39,240,not_neg,not_int,not_lpsm,218000,sb,pr,home,1U,5340,CRIF,871,EXP,45-54,to_inst,58.02752294,North,direct,0,44
25139,2019,cf,Sex Not Available,nopre,type1,p3,l1,nopc,nob/c,276500,,,,360,not_neg,not_int,not_lpsm,388000,sb,pr,home,1U,4680,CIB,800,CIB,65-74,to_inst,71.2628866,south,direct,1,47
25140,2019,cf,Female,pre,type1,p1,l1,nopc,nob/c,106500,4.25,0.7565,2980.63,360,not_neg,not_int,not_lpsm,148000,sb,pr,home,1U,2460,CRIF,700,CIB,65-74,to_inst,71.95945946,North,direct,0,40
25141,2019,cf,Male,nopre,type1,p4,l1,nopc,nob/c,386500,3.99,0.4371,5129,360,not_neg,not_int,not_lpsm,448000,sb,pr,home,1U,7320,EXP,880,EXP,35-44,to_inst,86.27232143,North,direct,0,36
25142,2019,cf,Joint,nopre,type1,p3,l1,nopc,nob/c,376500,4.75,0.362,0,360,not_neg,not_int,not_lpsm,598000,sb,pr,home,1U,6720,CIB,853,EXP,25-34,not_inst,62.95986622,North,direct,0,37
25143,2019,cf,Female,nopre,type1,p3,l1,nopc,nob/c,206500,3.875,0.6165,5344.5,360,not_neg,not_int,not_lpsm,288000,sb,pr,home,1U,2760,CRIF,644,CIB,55-64,to_inst,71.70138889,North,direct,0,39
25144,2019,cf,Sex Not Available,pre,type1,p4,l1,nopc,nob/c,286500,,,,360,not_neg,not_int,not_lpsm,,sb,pr,home,1U,9660,EQUI,898,EXP,35-44,not_inst,,south,direct,1,
25145,2019,cf,Female,nopre,type1,p2,l1,nopc,nob/c,486500,3.625,-0.1498,906.97,360,not_neg,int_only,not_lpsm,888000,sb,pr,home,1U,5040,EXP,717,CIB,25-34,not_inst,54.78603604,North,direct,0,38
25146,2019,cf,Male,pre,type1,p4,l1,nopc,nob/c,406500,4.375,-0.0155,,360,not_neg,not_int,not_lpsm,808000,sb,pr,home,3U,5580,CRIF,773,CIB,25-34,not_inst,50.30940594,south,direct,0,42
25147,2019,cf,Female,nopre,type1,p1,l1,nopc,nob/c,146500,,,,180,not_neg,not_int,not_lpsm,158000,sb,pr,home,1U,4620,EXP,868,CIB,45-54,to_inst,92.72151899,North,direct,1,43
25148,2019,cf,Female,pre,type2,p3,l1,nopc,b/c,156500,3.75,0.9347,2607.66,360,not_neg,not_int,not_lpsm,178000,sb,pr,home,1U,5460,EXP,540,CIB,55-64,to_inst,87.92134831,south,direct,0,50
25149,2019,cf,Male,nopre,type1,p4,l1,nopc,nob/c,476500,4.75,0.4465,0,360,not_neg,not_int,not_lpsm,498000,sb,pr,home,1U,6600,EXP,718,CIB,35-44,not_inst,95.68273092,North,direct,0,45
25150,2019,cf,Joint,nopre,type1,p4,l1,nopc,nob/c,86500,,,,360,not_neg,not_int,not_lpsm,208000,sb,ir,home,1U,2220,EXP,786,EXP,45-54,to_inst,41.58653846,North,direct,1,42
25151,2019,cf,Female,nopre,type1,p3,l1,nopc,nob/c,246500,4.625,0.5163,7064.56,360,not_neg,not_int,not_lpsm,298000,sb,pr,home,1U,2580,CIB,713,CIB,>74,to_inst,82.71812081,North,direct,0,43
25152,2019,cf,Joint,nopre,type3,p3,l1,nopc,nob/c,596500,3.625,-0.1969,2572.4,360,not_neg,not_int,not_lpsm,608000,sb,pr,home,1U,5100,CIB,874,EXP,65-74,not_inst,98.10855263,North,direct,0,60
25153,2019,cf,Female,nopre,type1,p4,l1,nopc,nob/c,556500,3.99,0.4568,12800,360,not_neg,int_only,not_lpsm,838000,sb,pr,home,1U,8100,CRIF,647,CIB,55-64,to_inst,66.40811456,North,direct,0,41
25154,2019,cf,Male,pre,type1,p1,l1,nopc,nob/c,1226500,4.99,1.3059,12500,360,not_neg,not_int,not_lpsm,1758000,sb,ir,home,4U,16260,CRIF,711,CIB,45-54,not_inst,69.76678043,south,direct,0,37
25155,2019,cf,Joint,nopre,type1,p1,l1,nopc,nob/c,266500,,,,360,not_neg,not_int,lpsm,,sb,pr,home,1U,8880,EQUI,625,EXP,35-44,not_inst,,North,direct,1,
25156,2019,ncf,Sex Not Available,nopre,type2,p1,l1,nopc,b/c,196500,3.75,,0,324,neg_amm,not_int,not_lpsm,198000,sb,pr,home,1U,,EQUI,768,EXP,,NA,99.24242424,south,direct,1,
25157,2019,cf,Female,pre,type1,p3,l1,nopc,nob/c,416500,3.625,-0.202,916,360,not_neg,not_int,not_lpsm,658000,sb,pr,home,1U,5100,CIB,626,CIB,25-34,not_inst,63.29787234,North,direct,0,45
25158,2019,ncf,Female,nopre,type1,p3,l1,nopc,nob/c,206500,,,,360,not_neg,not_int,not_lpsm,188000,sb,pr,home,1U,2580,CRIF,500,CIB,55-64,to_inst,109.8404255,North,direct,1,60
25159,2019,cf,Sex Not Available,nopre,type1,p3,l1,nopc,nob/c,106500,,,,360,not_neg,not_int,not_lpsm,,sb,pr,home,1U,8100,EQUI,700,EXP,35-44,to_inst,,south,direct,1,
25160,2019,cf,Joint,nopre,type1,p3,l1,nopc,nob/c,386500,3.625,-0.0141,154.68,360,not_neg,int_only,not_lpsm,648000,sb,pr,home,1U,12120,CIB,663,EXP,45-54,not_inst,59.64506173,North,direct,0,25
25161,2019,,Male,nopre,type1,p1,l1,nopc,nob/c,246500,4.125,0.0514,1305.85,360,not_neg,not_int,not_lpsm,348000,sb,pr,home,1U,3660,CRIF,538,EXP,25-34,not_inst,70.83333333,south,direct,0,33
25162,2019,cf,Male,pre,type2,p3,l1,nopc,b/c,266500,3.99,0.8946,0,360,not_neg,not_int,not_lpsm,308000,sb,pr,home,1U,4260,CIB,695,CIB,25-34,not_inst,86.52597403,North,direct,0,54
25163,2019,cf,Male,pre,type1,p1,l1,nopc,nob/c,336500,3.875,0.5642,590.73,360,not_neg,not_int,not_lpsm,358000,sb,pr,home,1U,5580,EXP,517,CIB,35-44,not_inst,93.99441341,North,direct,0,42
25164,2019,cf,Male,pre,type2,p3,l1,nopc,b/c,126500,,,,360,not_neg,not_int,not_lpsm,148000,sb,pr,home,1U,3000,EXP,815,CIB,45-54,to_inst,85.47297297,North,direct,1,38
25165,2019,cf,Joint,pre,type1,p1,l1,nopc,nob/c,206500,3.99,0.3064,1150,360,not_neg,not_int,not_lpsm,378000,sb,pr,home,1U,5220,CIB,759,EXP,65-74,to_inst,54.62962963,south,direct,0,23
25166,2019,cf,Male,nopre,type1,p1,l1,nopc,nob/c,66500,,,,360,neg_amm,not_int,not_lpsm,78000,sb,sr,home,1U,1860,CIB,792,CIB,<25,to_inst,85.25641026,south,direct,1,27
25167,2019,cf,Sex Not Available,nopre,type1,p3,l1,nopc,nob/c,476500,,,,360,not_neg,not_int,not_lpsm,748000,sb,pr,home,1U,9180,CIB,822,EXP,45-54,to_inst,63.70320856,south,direct,1,45
25168,2019,cf,Joint,nopre,type1,p4,l1,nopc,nob/c,376500,4.375,-0.0845,7866.73,360,not_neg,not_int,not_lpsm,478000,sb,pr,home,1U,8100,CIB,516,EXP,45-54,not_inst,78.76569038,North,direct,0,33
25169,2019,cf,Female,pre,type1,p1,l1,nopc,nob/c,256500,3.875,0.4985,4486.63,360,not_neg,not_int,not_lpsm,278000,sb,pr,home,1U,6840,EXP,704,CIB,35-44,to_inst,92.26618705,North,direct,0,26
25170,2019,cf,Joint,nopre,type1,p4,l1,nopc,nob/c,316500,3.875,0.7279,810.9,240,not_neg,not_int,not_lpsm,558000,sb,pr,home,1U,9000,EXP,808,EXP,55-64,not_inst,56.72043011,North,direct,0,32
25171,2019,cf,Joint,nopre,type1,p1,l2,nopc,nob/c,426500,,,,300,neg_amm,int_only,not_lpsm,,sb,pr,home,1U,9360,EQUI,534,EXP,25-34,to_inst,,south,direct,1,
25172,2019,cf,Joint,nopre,type1,p4,l1,nopc,nob/c,216500,3.875,0.3584,3432.4,360,not_neg,not_int,not_lpsm,328000,sb,pr,home,1U,4560,CRIF,786,EXP,55-64,to_inst,66.00609756,North,direct,0,24
25173,2019,cf,Joint,nopre,type1,p4,l1,nopc,nob/c,436500,3.5,-0.3261,9465.73,360,not_neg,not_int,not_lpsm,628000,sb,pr,home,1U,4620,CIB,605,EXP,35-44,not_inst,69.50636943,south,direct,0,49
25174,2019,cf,Female,nopre,type1,p3,l1,nopc,nob/c,126500,4.99,0.5716,1150,360,not_neg,not_int,not_lpsm,298000,sb,pr,home,1U,4260,EXP,539,CIB,55-64,to_inst,42.44966443,south,direct,0,20
25175,2019,,Sex Not Available,nopre,type1,p4,l1,nopc,nob/c,96500,3.99,1.3777,3518.7,96,not_neg,not_int,not_lpsm,158000,sb,pr,home,1U,4680,CRIF,522,CIB,65-74,to_inst,61.07594937,south,direct,0,44
25176,2019,cf,Female,nopre,type1,p2,l1,nopc,nob/c,406500,3.99,0.342,0,360,not_neg,not_int,not_lpsm,838000,sb,pr,home,1U,6960,CIB,812,CIB,25-34,not_inst,48.50835322,south,direct,0,31
25177,2019,cf,Male,nopre,type1,p1,l1,nopc,nob/c,336500,,,,360,neg_amm,not_int,not_lpsm,358000,sb,pr,home,1U,3660,EXP,860,CIB,25-34,to_inst,93.99441341,North,direct,1,48
25178,2019,cf,Male,nopre,type1,p4,l1,nopc,nob/c,426500,3.5,0.005,10625,360,not_neg,not_int,not_lpsm,588000,sb,pr,home,1U,4440,CRIF,876,CIB,35-44,not_inst,72.53401361,North,direct,0,43
25179,2019,cf,Joint,nopre,type1,p3,l1,nopc,nob/c,416500,3.875,0.812,1830,240,not_neg,not_int,not_lpsm,608000,sb,pr,home,1U,9120,CRIF,762,EXP,35-44,to_inst,68.50328947,North,direct,0,42
25180,2019,ncf,Joint,nopre,type2,p3,l1,nopc,b/c,186500,4.75,1.3638,0,360,not_neg,not_int,not_lpsm,218000,sb,pr,home,1U,4920,CIB,809,EXP,25-34,to_inst,85.55045872,North,direct,0,33
25181,2019,cf,Male,pre,type1,p3,l1,nopc,nob/c,606500,4.5,0.1971,1900,360,not_neg,not_int,not_lpsm,1508000,sb,pr,home,1U,12060,EXP,595,CIB,45-54,to_inst,40.21883289,North,direct,0,48
25182,2019,cf,Joint,nopre,type1,p4,l1,nopc,nob/c,446500,4,-0.0042,0,360,not_neg,not_int,not_lpsm,538000,sb,pr,home,1U,9180,CRIF,598,EXP,55-64,not_inst,82.99256506,North,direct,0,41
25183,2019,cf,Sex Not Available,pre,type1,p4,l1,nopc,nob/c,156500,,,,360,not_neg,not_int,not_lpsm,158000,sb,pr,home,1U,4860,EXP,763,CIB,35-44,to_inst,99.05063291,south,direct,1,27
25184,2019,cf,Sex Not Available,pre,type1,p1,l1,nopc,nob/c,256500,3.5,-0.0225,961.32,360,not_neg,not_int,not_lpsm,258000,sb,pr,home,1U,2640,CIB,515,CIB,35-44,not_inst,99.41860465,south,direct,0,44
25185,2019,cf,Joint,nopre,type1,p4,l1,nopc,nob/c,336500,3.25,0.0885,1036.21,180,not_neg,not_int,not_lpsm,458000,sb,pr,home,1U,27000,EXP,508,EXP,25-34,not_inst,73.47161572,North,direct,0,24
25186,2019,cf,Sex Not Available,nopre,type1,p3,l1,nopc,nob/c,406500,4.75,1.034,2752.55,360,not_neg,not_int,not_lpsm,668000,sb,pr,home,1U,7920,CRIF,820,EXP,55-64,to_inst,60.85329341,south,direct,0,46
25187,2019,cf,Male,nopre,type3,p1,l1,nopc,nob/c,266500,,,,360,not_neg,not_int,not_lpsm,,sb,pr,home,1U,3840,EQUI,529,EXP,55-64,not_inst,,North,direct,1,
25188,2019,cf,Male,nopre,type3,p1,l1,nopc,nob/c,266500,4.375,0.1812,209.91,360,not_neg,not_int,not_lpsm,258000,sb,pr,home,1U,3840,EXP,592,CIB,25-34,not_inst,103.2945736,North,direct,0,52
25189,2019,cf,Sex Not Available,nopre,type1,p3,l1,nopc,nob/c,156500,3.875,0.9983,,240,not_neg,not_int,not_lpsm,328000,sb,pr,home,1U,5880,CIB,545,CIB,45-54,to_inst,47.71341463,south,direct,0,23
25190,2019,cf,Female,nopre,type1,p4,l1,nopc,nob/c,186500,,,,360,not_neg,not_int,not_lpsm,,sb,pr,home,1U,3180,EQUI,830,EXP,55-64,to_inst,,North,direct,1,
25191,2019,cf,Female,nopre,type2,p4,l1,nopc,b/c,636500,,,,360,not_neg,not_int,not_lpsm,,sb,pr,home,1U,0,EQUI,710,EXP,45-54,not_inst,,North,direct,1,
25192,2019,cf,Sex Not Available,nopre,type1,p4,l1,nopc,nob/c,286500,,,,360,not_neg,not_int,not_lpsm,,sb,pr,home,1U,4140,EQUI,551,EXP,65-74,to_inst,,south,direct,1,
25193,2019,cf,Male,nopre,type1,p1,l1,nopc,nob/c,266500,3.99,0.4438,2187.35,360,not_neg,not_int,not_lpsm,278000,sb,pr,home,1U,3480,CIB,715,CIB,35-44,not_inst,95.86330935,south,direct,0,43
25194,2019,cf,Male,pre,type1,p3,l1,nopc,nob/c,266500,3.625,0.0707,6261.1,360,not_neg,not_int,not_lpsm,378000,sb,pr,home,1U,3660,CRIF,802,CIB,35-44,not_inst,70.5026455,North,direct,0,46
25195,2019,cf,Male,nopre,type1,p4,l1,nopc,nob/c,226500,3.5,0.0361,6172.13,300,not_neg,not_int,not_lpsm,308000,sb,pr,home,1U,4320,CRIF,871,CIB,45-54,to_inst,73.53896104,south,direct,0,33
25196,2019,cf,Female,nopre,type3,p4,l1,nopc,nob/c,146500,2.75,-0.689,3230.05,360,not_neg,not_int,not_lpsm,178000,sb,pr,home,1U,,EXP,557,CIB,45-54,to_inst,82.30337079,central,direct,0,
25197,2019,cf,Joint,,type2,p1,l1,nopc,b/c,166500,5.25,1.8641,0,360,not_neg,not_int,not_lpsm,168000,sb,pr,home,1U,2100,CIB,879,EXP,65-74,to_inst,99.10714286,south,direct,0,45
25198,2019,cf,Male,nopre,type3,p1,l1,nopc,nob/c,76500,4.125,0.357,797.77,360,not_neg,not_int,not_lpsm,78000,sb,pr,home,1U,1140,CIB,743,CIB,55-64,to_inst,98.07692308,south,direct,0,53
25199,2019,cf,Male,nopre,type1,p1,l2,nopc,nob/c,336500,,,,360,not_neg,not_int,not_lpsm,,sb,pr,home,1U,7200,EQUI,572,EXP,45-54,to_inst,,south,direct,1,
25200,2019,cf,Sex Not Available,nopre,type2,p3,l1,nopc,b/c,266500,3.99,1.1269,3952.93,360,not_neg,not_int,not_lpsm,408000,sb,pr,home,1U,5460,EXP,699,EXP,55-64,to_inst,65.31862745,south,direct,0,43
25201,2019,cf,Female,nopre,type2,p3,l1,nopc,b/c,186500,4.49,1.4342,625.63,360,not_neg,not_int,not_lpsm,228000,sb,pr,home,1U,3420,EXP,538,CIB,65-74,to_inst,81.79824561,North,direct,0,36
25202,2019,cf,Sex Not Available,nopre,type3,p1,l1,nopc,nob/c,506500,3.49,-0.0661,1481.59,360,not_neg,not_int,not_lpsm,498000,sb,pr,home,1U,6360,CIB,617,CIB,55-64,not_inst,101.7068273,south,direct,0,36
25203,2019,cf,Sex Not Available,nopre,type1,p3,l1,nopc,nob/c,286500,,,,360,neg_amm,not_int,not_lpsm,428000,sb,pr,home,1U,5040,CRIF,761,CIB,55-64,to_inst,66.93925234,south,direct,1,13
25204,2019,cf,Joint,pre,type1,p1,l1,nopc,nob/c,566500,5,0.6536,0,360,not_neg,not_int,not_lpsm,598000,sb,pr,home,1U,7860,CIB,711,EXP,25-34,not_inst,94.73244147,North,direct,0,41
25205,2019,cf,Male,nopre,type1,p4,l1,nopc,nob/c,366500,3.99,0.2433,1250,360,not_neg,not_int,not_lpsm,658000,sb,pr,home,1U,6060,EXP,640,CIB,65-74,to_inst,55.69908815,south,direct,0,44
25206,2019,cf,Male,nopre,type1,p4,l1,nopc,nob/c,426500,3.5,-0.2432,1250,360,not_neg,not_int,not_lpsm,668000,sb,pr,home,1U,4800,CRIF,665,CIB,25-34,to_inst,63.84730539,North,direct,0,39
25207,2019,cf,Male,pre,type1,p3,l1,nopc,nob/c,296500,4,0.2527,4441,360,not_neg,not_int,not_lpsm,378000,sb,pr,home,1U,4440,CIB,667,CIB,35-44,not_inst,78.43915344,North,direct,0,40
25208,2019,cf,Joint,nopre,type3,p3,l1,nopc,nob/c,676500,3.49,-0.4881,3044.07,360,not_neg,not_int,not_lpsm,978000,sb,pr,home,1U,7380,CIB,834,EXP,65-74,not_inst,69.17177914,North,direct,0,58
25209,2019,cf,Female,nopre,type1,p4,l1,nopc,nob/c,526500,3.5,-0.1482,4497.05,360,not_neg,not_int,not_lpsm,718000,sb,pr,home,1U,7200,EXP,829,CIB,35-44,not_inst,73.32869081,central,direct,0,36
25210,2019,cf,Male,nopre,type1,p3,l1,nopc,nob/c,256500,4.5,1.0231,4750,360,not_neg,not_int,not_lpsm,368000,sb,pr,home,1U,5100,CIB,871,CIB,35-44,not_inst,69.70108696,North,direct,0,36
25211,2019,ncf,Joint,nopre,type1,p1,l1,nopc,nob/c,266500,4.25,-0.0124,5166.3,324,neg_amm,not_int,not_lpsm,328000,sb,pr,home,1U,8340,CRIF,661,EXP,35-44,to_inst,81.25,North,direct,0,12
25212,2019,cf,Female,nopre,type1,p3,l2,nopc,nob/c,216500,4.99,0.6818,1150,360,not_neg,not_int,not_lpsm,288000,sb,pr,home,1U,4980,CIB,661,CIB,45-54,to_inst,75.17361111,North,direct,0,31
25213,2019,cf,Joint,nopre,type1,p3,l1,nopc,nob/c,156500,4.625,1.0065,642.31,360,not_neg,not_int,not_lpsm,288000,sb,pr,home,1U,4080,CRIF,664,EXP,65-74,not_inst,54.34027778,North,direct,0,43
25214,2019,cf,Male,nopre,type1,p4,l1,nopc,nob/c,726500,,,,360,not_neg,not_int,not_lpsm,,sb,pr,home,1U,9660,EQUI,896,EXP,35-44,not_inst,,south,direct,1,
25215,2019,cf,Male,nopre,type1,p1,l1,nopc,nob/c,486500,3.75,0.0816,1644.21,360,not_neg,not_int,not_lpsm,538000,sb,pr,home,1U,17640,EXP,856,EXP,25-34,not_inst,90.42750929,central,direct,0,28
25216,2019,cf,Joint,nopre,type2,p3,l1,nopc,b/c,256500,,,,360,not_neg,not_int,not_lpsm,358000,sb,pr,home,1U,6720,CRIF,603,EXP,55-64,to_inst,71.64804469,central,direct,1,36
25217,2019,cf,Male,nopre,type1,p3,l1,nopc,nob/c,396500,,,,300,neg_amm,not_int,not_lpsm,568000,sb,pr,home,1U,5040,CRIF,627,CIB,35-44,not_inst,69.80633803,North,direct,1,41
25218,2019,cf,Female,pre,type1,p1,l1,nopc,nob/c,236500,,,,360,not_neg,not_int,not_lpsm,,sb,pr,home,1U,3240,EQUI,715,EXP,55-64,not_inst,,North,direct,1,
25219,2019,cf,Sex Not Available,nopre,type1,p4,l1,nopc,nob/c,236500,,,,360,neg_amm,not_int,not_lpsm,308000,sb,pr,home,1U,5280,EXP,595,CIB,65-74,to_inst,76.78571429,south,direct,1,31
25220,2019,ncf,Sex Not Available,pre,type1,p1,l1,nopc,nob/c,1486500,3.625,-0.1143,5818.5,360,not_neg,not_int,not_lpsm,2128000,sb,pr,home,1U,23760,EXP,861,EXP,35-44,not_inst,69.85432331,south,direct,0,39
25221,2019,cf,Male,nopre,type1,p4,l2,nopc,nob/c,156500,3.875,0.5859,4281,240,not_neg,not_int,not_lpsm,398000,sb,pr,home,1U,4620,EXP,851,CIB,55-64,to_inst,39.32160804,south,direct,0,22
25222,2019,cf,Sex Not Available,pre,type1,p3,l1,nopc,nob/c,86500,4.25,0.9691,2291.25,180,not_neg,not_int,not_lpsm,248000,sb,pr,home,1U,1620,CRIF,660,CIB,65-74,to_inst,34.87903226,south,direct,0,48
25223,2019,ncf,Sex Not Available,nopre,type1,p3,l1,nopc,nob/c,1416500,3.625,0.0027,13611.13,360,not_neg,not_int,not_lpsm,3848000,sb,pr,home,1U,24060,EXP,767,EXP,45-54,to_inst,36.81133056,south,direct,0,31
25224,2019,cf,Female,nopre,type3,p4,l1,nopc,nob/c,396500,2.99,-0.5806,5811.67,360,not_neg,not_int,not_lpsm,408000,sb,pr,home,1U,,CRIF,656,CIB,35-44,to_inst,97.18137255,North,direct,0,
25225,2019,cf,Male,nopre,type1,p4,l1,nopc,nob/c,486500,3,-0.2038,0,180,not_neg,not_int,not_lpsm,998000,sb,pr,home,1U,12060,EXP,875,CIB,35-44,not_inst,48.74749499,south,direct,0,22
25226,2019,cf,Male,nopre,type1,p3,l1,nopc,nob/c,216500,,,,360,not_neg,not_int,not_lpsm,338000,sb,pr,home,1U,3840,CIB,778,CIB,55-64,to_inst,64.05325444,North,direct,1,43
25227,2019,cf,Male,nopre,type1,p4,l1,nopc,nob/c,266500,3.99,0.5849,2932.5,300,not_neg,not_int,not_lpsm,318000,sb,pr,home,1U,7200,EXP,652,CIB,35-44,to_inst,83.80503145,North,direct,0,31
25228,2019,cf,Joint,nopre,type1,p4,l1,nopc,nob/c,466500,4,-0.3286,0,360,not_neg,not_int,not_lpsm,618000,sb,pr,home,1U,5760,CIB,577,EXP,35-44,not_inst,75.48543689,central,direct,0,36
25229,2019,cf,Sex Not Available,nopre,type1,p3,l1,nopc,nob/c,156500,3.75,1.0431,4603.25,240,not_neg,not_int,not_lpsm,258000,sb,pr,home,1U,3540,EXP,869,CIB,35-44,to_inst,60.65891473,south,direct,0,43
25230,2019,cf,Male,nopre,type2,p3,l2,nopc,b/c,606500,,,,360,not_neg,not_int,not_lpsm,668000,sb,pr,home,1U,7440,CRIF,758,CIB,55-64,not_inst,90.79341317,south,direct,1,57
25231,2019,cf,Sex Not Available,nopre,type1,p1,l1,nopc,nob/c,246500,,,,360,not_neg,not_int,not_lpsm,258000,sb,pr,home,1U,8040,EXP,701,CIB,45-54,to_inst,95.54263566,south,direct,1,24
25232,2019,cf,Joint,nopre,type1,p4,l1,nopc,nob/c,316500,3.25,0.1267,2235,240,not_neg,not_int,not_lpsm,548000,sb,pr,home,1U,5460,CRIF,775,EXP,45-54,not_inst,57.75547445,North,direct,0,41
25233,2019,cf,Joint,nopre,type1,p1,l1,nopc,nob/c,556500,4.75,0.61,12371.68,360,not_neg,not_int,not_lpsm,738000,sb,ir,home,1U,71220,EXP,893,EXP,55-64,not_inst,75.40650407,North,direct,0,19
25234,2019,cf,Joint,nopre,type3,p3,l1,nopc,nob/c,266500,,,,360,not_neg,not_int,not_lpsm,298000,sb,pr,home,1U,3060,CIB,870,EXP,65-74,to_inst,89.4295302,North,direct,1,56
25235,2019,cf,Sex Not Available,nopre,type1,p4,l1,nopc,nob/c,306500,4.5,1.0522,0,360,neg_amm,not_int,not_lpsm,328000,sb,pr,home,1U,7140,CIB,785,CIB,45-54,to_inst,93.44512195,south,direct,0,40
25236,2019,cf,Sex Not Available,nopre,type1,p3,l1,nopc,nob/c,456500,,,,192,neg_amm,not_int,not_lpsm,778000,sb,pr,home,1U,9300,EXP,779,CIB,45-54,to_inst,58.67609254,south,direct,1,40
25237,2019,cf,Joint,nopre,type2,p3,l1,nopc,b/c,116500,,,,360,not_neg,not_int,not_lpsm,138000,sb,pr,home,1U,2520,CRIF,565,EXP,55-64,to_inst,84.42028986,North,direct,1,30
25238,2019,cf,Female,nopre,type1,p3,l1,nopc,nob/c,206500,,,,360,not_neg,not_int,not_lpsm,,sb,pr,home,1U,5160,EQUI,792,EXP,55-64,to_inst,,North,direct,1,
25239,2019,cf,Male,nopre,type1,p3,l1,nopc,nob/c,556500,,,,360,not_neg,not_int,not_lpsm,688000,sb,pr,home,1U,5820,EXP,753,CIB,55-64,not_inst,80.88662791,North,direct,1,43
25240,2019,cf,Female,nopre,type1,p4,l2,nopc,nob/c,486500,,,,180,not_neg,not_int,not_lpsm,,sb,pr,home,1U,8700,EQUI,838,EXP,45-54,not_inst,,south,direct,1,
25241,2019,cf,Male,nopre,type2,p4,l1,nopc,b/c,186500,4.25,1.2033,0,360,not_neg,not_int,not_lpsm,208000,sb,pr,home,1U,,CRIF,769,CIB,25-34,to_inst,89.66346154,North,direct,0,
25242,2019,cf,Joint,nopre,type1,p4,l1,nopc,nob/c,266500,,,,360,not_neg,not_int,not_lpsm,318000,sb,pr,home,1U,3120,CIB,851,EXP,65-74,to_inst,83.80503145,North,direct,1,50
25243,2019,cf,Sex Not Available,nopre,type2,p3,l1,nopc,b/c,136500,3.5,0.6808,4341.98,360,not_neg,not_int,lpsm,188000,sb,pr,home,1U,2640,CIB,517,CIB,25-34,to_inst,72.60638298,south,direct,0,38
25244,2019,cf,Male,nopre,type1,p4,l1,nopc,nob/c,536500,4.56,0.2928,6314.88,360,not_neg,not_int,not_lpsm,818000,sb,pr,home,1U,6720,CIB,852,CIB,25-34,to_inst,65.58679707,North,direct,0,41
25245,2019,cf,Male,nopre,type1,p4,l1,nopc,nob/c,186500,3.75,0.8896,2617.25,180,not_neg,not_int,not_lpsm,288000,sb,pr,home,1U,8820,CIB,587,EXP,55-64,to_inst,64.75694444,North,direct,0,43
25246,2019,ncf,Joint,nopre,type1,p3,l1,nopc,nob/c,796500,,,,360,not_neg,not_int,not_lpsm,2398000,sb,pr,home,1U,8880,EXP,694,EXP,65-74,to_inst,33.21517932,south,direct,1,42
25247,2019,cf,Female,nopre,type1,p4,l1,nopc,nob/c,336500,3.5,0.0603,,360,not_neg,not_int,not_lpsm,518000,sb,pr,home,1U,3060,CIB,781,CIB,55-64,to_inst,64.96138996,North,direct,0,45
25248,2019,cf,Male,nopre,type2,p3,l1,nopc,b/c,196500,,,,360,neg_amm,not_int,not_lpsm,228000,sb,pr,home,1U,1620,CRIF,729,CIB,45-54,not_inst,86.18421053,North,direct,1,51
25249,2019,cf,Sex Not Available,nopre,type1,p3,l1,nopc,nob/c,536500,,,,360,not_neg,not_int,not_lpsm,,sb,pr,home,1U,6000,EQUI,597,EXP,65-74,to_inst,,south,direct,1,
25250,2019,cf,Joint,nopre,type1,p3,l1,nopc,nob/c,166500,3.99,0.2713,5033.28,360,not_neg,not_int,not_lpsm,238000,sb,pr,home,1U,2520,EXP,640,EXP,>74,to_inst,69.95798319,North,direct,0,40
25251,2019,cf,Male,nopre,type1,p4,l1,nopc,nob/c,336500,,,,360,not_neg,int_only,not_lpsm,,sb,pr,home,1U,5100,EQUI,719,EXP,25-34,not_inst,,North,direct,1,
25252,2019,cf,Sex Not Available,nopre,type3,p4,l1,nopc,nob/c,136500,3.99,0.2771,474.77,360,not_neg,not_int,not_lpsm,148000,sb,pr,home,1U,,EXP,744,CIB,35-44,to_inst,92.22972973,south,direct,0,
25253,2019,cf,Female,nopre,type2,p3,l1,nopc,b/c,106500,3.99,1.274,3024.13,360,not_neg,not_int,not_lpsm,138000,sb,pr,home,1U,1860,CRIF,768,CIB,35-44,to_inst,77.17391304,south,direct,0,43
25254,2019,cf,Male,nopre,type1,p4,l1,nopc,nob/c,176500,3.99,0.3858,4335,360,not_neg,not_int,not_lpsm,228000,sb,pr,home,1U,4320,CIB,770,CIB,45-54,to_inst,77.4122807,North,direct,0,26
25255,2019,cf,Male,nopre,type1,p4,l1,nopc,nob/c,446500,,,,324,not_neg,int_only,not_lpsm,,sb,pr,home,1U,11400,EQUI,850,EXP,45-54,not_inst,,south,direct,1,
25256,2019,ncf,Sex Not Available,nopre,type3,p1,l1,nopc,nob/c,416500,3.25,-0.4373,4150,360,not_neg,not_int,not_lpsm,418000,sb,pr,home,1U,7200,CIB,598,CIB,35-44,to_inst,99.64114833,south,direct,0,27
25257,2019,cf,Male,nopre,type2,p3,l1,nopc,b/c,96500,3.25,1.4569,3561.22,240,not_neg,not_int,not_lpsm,158000,sb,pr,home,1U,4380,CRIF,818,CIB,55-64,to_inst,61.07594937,North,direct,0,31
25258,2019,cf,Male,nopre,type3,p4,l1,nopc,nob/c,306500,3.125,-0.5317,516.96,360,not_neg,not_int,not_lpsm,308000,sb,pr,home,1U,,EXP,614,CIB,25-34,to_inst,99.51298701,south,direct,0,
25259,2019,cf,Joint,nopre,type1,p3,l1,nopc,nob/c,406500,3.25,-0.4181,4008.15,360,not_neg,not_int,not_lpsm,718000,sb,pr,home,1U,12000,CRIF,604,EXP,55-64,not_inst,56.61559889,central,direct,0,16
25260,2019,cf,Male,nopre,type3,p4,l1,nopc,nob/c,416500,3.125,-0.6588,0,360,not_neg,not_int,not_lpsm,498000,sb,pr,home,1U,,EXP,892,CIB,45-54,not_inst,83.63453815,North,direct,0,
25261,2019,cf,Male,pre,type3,p4,l1,nopc,nob/c,156500,3.5,-0.3592,346.68,360,not_neg,not_int,not_lpsm,158000,sb,pr,home,1U,,EXP,804,CIB,>74,to_inst,99.05063291,North,direct,0,
25262,2019,cf,Male,pre,type1,p3,l1,nopc,nob/c,126500,4.875,1.4048,3437.5,360,not_neg,not_int,not_lpsm,178000,sb,pr,home,1U,3360,EXP,737,CIB,55-64,to_inst,71.06741573,North,direct,0,26
25263,2019,cf,Sex Not Available,nopre,type1,p4,l1,nopc,nob/c,406500,3.99,0.3422,,360,not_neg,not_int,not_lpsm,608000,sb,pr,home,1U,10860,CIB,888,EXP,45-54,to_inst,66.85855263,south,direct,0,30
25264,2019,cf,Joint,nopre,type1,p4,l1,nopc,nob/c,506500,4.25,-0.1775,2995,360,not_neg,not_int,not_lpsm,728000,sb,pr,home,1U,8100,CIB,543,EXP,35-44,not_inst,69.57417582,North,direct,0,32
25265,2019,cf,Joint,pre,type1,p4,l1,nopc,nob/c,516500,3.875,0.2666,6052,360,not_neg,not_int,not_lpsm,588000,sb,pr,home,1U,6780,CRIF,547,EXP,35-44,not_inst,87.84013605,south,direct,0,44
25266,2019,cf,Male,nopre,type1,p1,l1,nopc,nob/c,556500,3.75,0.0938,939.2,360,not_neg,not_int,not_lpsm,628000,sb,pr,home,1U,8760,EXP,571,EXP,35-44,not_inst,88.61464968,central,direct,0,31
25267,2019,cf,Male,pre,type1,p4,l1,nopc,nob/c,296500,3.625,0.4947,4543.05,240,not_neg,not_int,not_lpsm,408000,sb,pr,home,1U,4680,CIB,803,EXP,25-34,not_inst,72.67156863,south,direct,0,45
25268,2019,cf,Sex Not Available,nopre,type1,p3,l1,nopc,nob/c,246500,4.625,0.8672,3012.5,240,not_neg,not_int,not_lpsm,348000,sb,pr,home,1U,3720,CIB,639,CIB,55-64,to_inst,70.83333333,south,direct,0,48
25269,2019,cf,Joint,nopre,type1,p3,l2,nopc,nob/c,246500,3.99,0.6948,5510.58,180,not_neg,not_int,not_lpsm,338000,sb,pr,home,1U,4320,CIB,869,EXP,55-64,to_inst,72.92899408,central,direct,0,40
25270,2019,cf,Sex Not Available,nopre,type1,p4,l1,nopc,nob/c,226500,4.875,0.423,0,360,neg_amm,not_int,not_lpsm,288000,sb,pr,home,1U,12540,CRIF,621,CIB,55-64,to_inst,78.64583333,south,direct,0,19
25271,2019,cf,Sex Not Available,nopre,type1,p4,l1,nopc,nob/c,156500,4.125,0.6498,2428.15,360,not_neg,not_int,not_lpsm,198000,sb,pr,home,1U,5400,EXP,715,EXP,35-44,to_inst,79.04040404,south,direct,0,42
25272,2019,cf,Female,nopre,type1,p3,l1,nopc,nob/c,176500,5.375,1.2083,5030.25,360,not_neg,not_int,not_lpsm,298000,sb,ir,home,1U,9360,CRIF,774,EXP,35-44,to_inst,59.22818792,central,direct,0,40
25273,2019,cf,Joint,nopre,type1,p4,l1,nopc,nob/c,266500,3.25,0.6186,7198.44,180,not_neg,not_int,not_lpsm,408000,sb,pr,home,1U,8280,EXP,651,EXP,45-54,to_inst,65.31862745,North,direct,0,39
25274,2019,cf,Sex Not Available,nopre,type1,p3,l1,nopc,nob/c,216500,5.375,1.0086,32.1,360,not_neg,not_int,not_lpsm,318000,sb,pr,home,1U,5400,EXP,728,CIB,45-54,to_inst,68.08176101,south,direct,0,44
25275,2019,cf,Joint,nopre,type2,p3,l1,nopc,b/c,416500,3.5,0.3769,0,360,not_neg,not_int,not_lpsm,478000,sb,pr,home,1U,8460,CRIF,618,EXP,35-44,not_inst,87.13389121,south,direct,0,43
25276,2019,cf,Female,nopre,type1,p3,l1,nopc,nob/c,106500,,,,360,not_neg,not_int,not_lpsm,,sb,pr,home,1U,2580,EQUI,574,EXP,65-74,to_inst,,North,direct,1,
25277,2019,cf,Female,nopre,type1,p3,l1,nopc,nob/c,456500,4.25,0.5512,8167.53,360,not_neg,not_int,not_lpsm,568000,sb,pr,home,1U,6300,CRIF,505,CIB,55-64,to_inst,80.36971831,North,direct,0,44
25278,2019,cf,Joint,nopre,type1,p3,l1,nopc,nob/c,456500,3.25,0.1061,4347.8,240,not_neg,not_int,not_lpsm,858000,sb,pr,home,1U,12420,CRIF,773,EXP,35-44,not_inst,53.20512821,south,direct,0,26
25279,2019,cf,Sex Not Available,nopre,type3,p3,l1,nopc,nob/c,96500,,,,360,not_neg,not_int,not_lpsm,108000,sb,pr,home,1U,1680,CRIF,716,CIB,55-64,to_inst,89.35185185,south,direct,1,41
25280,2019,cf,Male,nopre,type1,p3,l1,nopc,nob/c,126500,4.25,0.7491,1660,180,neg_amm,not_int,not_lpsm,218000,sb,pr,home,1U,5280,CRIF,798,CIB,35-44,to_inst,58.02752294,south,direct,0,36
25281,2019,cf,Male,nopre,type1,p4,l1,nopc,nob/c,246500,3,-0.3326,295,360,not_neg,not_int,not_lpsm,778000,sb,pr,home,1U,5940,CIB,807,CIB,55-64,to_inst,31.68380463,North,direct,0,27
25282,2019,cf,Sex Not Available,nopre,type1,p1,l1,nopc,nob/c,496500,4.25,0.0349,1911.16,360,not_neg,not_int,not_lpsm,628000,sb,pr,home,1U,30180,EXP,530,CIB,45-54,not_inst,79.06050955,south,direct,0,16
25283,2019,cf,Joint,nopre,type1,p4,l1,nopc,nob/c,156500,,,,360,neg_amm,not_int,not_lpsm,418000,sb,ir,home,1U,10200,EXP,729,EXP,45-54,to_inst,37.44019139,south,direct,1,37
25284,2019,cf,Sex Not Available,nopre,type1,p4,l1,nopc,nob/c,156500,,,,156,not_neg,not_int,not_lpsm,168000,sb,pr,home,1U,7440,CIB,815,EXP,65-74,to_inst,93.1547619,south,direct,1,49
25285,2019,cf,Joint,nopre,type3,p3,l1,nopc,nob/c,326500,,,,360,not_neg,not_int,not_lpsm,,sb,pr,home,1U,8640,EQUI,703,EXP,35-44,to_inst,,south,direct,1,
25286,2019,cf,Sex Not Available,nopre,type1,p3,l1,nopc,nob/c,86500,,,,228,not_neg,not_int,not_lpsm,138000,sb,pr,home,1U,1980,EXP,668,EXP,>74,to_inst,62.68115942,south,direct,1,40
25287,2019,cf,Female,pre,type1,p1,l1,nopc,nob/c,376500,3.99,0.5365,7347.81,360,not_neg,not_int,not_lpsm,398000,sb,pr,home,1U,6180,CRIF,611,EXP,45-54,to_inst,94.59798995,North,direct,0,41
25288,2019,cf,Female,nopre,type1,p4,l1,nopc,nob/c,206500,,,,360,neg_amm,not_int,not_lpsm,408000,sb,pr,home,1U,3420,CRIF,814,CIB,55-64,to_inst,50.6127451,south,direct,1,39
25289,2019,cf,Sex Not Available,nopre,type1,p3,l1,nopc,nob/c,116500,4.625,1.1792,2915,360,not_neg,not_int,not_lpsm,148000,sb,pr,home,1U,2520,CIB,843,CIB,25-34,to_inst,78.71621622,south,direct,0,43
25290,2019,ncf,Sex Not Available,nopre,type1,p1,l1,nopc,nob/c,156500,,,,360,not_neg,not_int,not_lpsm,168000,sb,sr,home,1U,7200,EXP,845,CIB,65-74,to_inst,93.1547619,south,direct,1,23
25291,2019,cf,Male,pre,type2,p3,l1,nopc,b/c,266500,,,,180,not_neg,not_int,not_lpsm,,sb,pr,home,1U,11160,EQUI,635,EXP,35-44,to_inst,,North,direct,1,
25292,2019,cf,Male,nopre,type2,p3,l1,nopc,b/c,136500,,,,180,not_neg,not_int,lpsm,168000,sb,pr,home,1U,3780,CIB,824,CIB,35-44,to_inst,81.25,central,direct,1,42
25293,2019,cf,Male,nopre,type1,p3,l1,nopc,nob/c,276500,4.75,0.4465,4062.58,312,neg_amm,not_int,not_lpsm,358000,sb,pr,home,1U,4260,CIB,519,CIB,25-34,to_inst,77.23463687,North,direct,0,30
25294,2019,cf,Female,nopre,type2,p4,l1,nopc,b/c,86500,3.5,0.4818,2843.93,360,not_neg,not_int,lpsm,108000,sb,pr,home,1U,3480,EXP,559,CIB,35-44,to_inst,80.09259259,North,direct,0,39
25295,2019,cf,Female,nopre,type1,p1,l1,nopc,nob/c,46500,4.875,0.7117,1700,360,neg_amm,not_int,not_lpsm,98000,sb,pr,home,1U,1320,EXP,633,CIB,65-74,to_inst,47.44897959,central,direct,0,43
25296,2019,cf,Joint,nopre,type1,p3,l1,nopc,nob/c,356500,3.625,0.2207,295,120,not_neg,not_int,not_lpsm,958000,sb,pr,home,1U,14640,CRIF,621,EXP,55-64,to_inst,37.21294363,North,direct,0,30
25297,2019,cf,Sex Not Available,nopre,type1,p3,l1,nopc,nob/c,456500,3.625,0.5039,4625,240,not_neg,not_int,not_lpsm,778000,sb,pr,home,1U,6120,CRIF,837,CIB,45-54,to_inst,58.67609254,south,direct,0,43
25298,2019,cf,Joint,nopre,type1,p3,l1,nopc,nob/c,176500,4.25,0.1484,5724.7,360,not_neg,not_int,not_lpsm,298000,sb,pr,home,1U,5760,CIB,779,EXP,35-44,to_inst,59.22818792,North,direct,0,21
25299,2019,cf,Sex Not Available,nopre,type2,p4,l1,nopc,b/c,516500,,,,360,not_neg,not_int,not_lpsm,,sb,pr,home,1U,0,EQUI,847,EXP,65-74,to_inst,,south,direct,1,
25300,2019,ncf,Male,nopre,type1,p3,l1,nopc,nob/c,876500,,,,360,not_neg,int_only,not_lpsm,1268000,sb,pr,home,1U,19800,EXP,885,CIB,45-54,to_inst,69.12460568,North,direct,1,45
25301,2019,cf,Male,nopre,type3,p1,l1,nopc,nob/c,586500,3.125,-0.4937,4557.15,360,not_neg,not_int,not_lpsm,618000,sb,pr,home,1U,7020,CRIF,584,CIB,25-34,not_inst,94.90291262,south,direct,0,51
25302,2019,cf,Male,pre,type1,p3,l1,nopc,nob/c,206500,,,,360,not_neg,not_int,not_lpsm,298000,sb,pr,home,1U,2280,EXP,630,CIB,35-44,to_inst,69.29530201,central,direct,1,54
25303,2019,cf,Sex Not Available,pre,type3,p4,l1,nopc,nob/c,426500,2.99,-0.5844,,360,not_neg,not_int,not_lpsm,488000,sb,pr,home,1U,,CIB,589,CIB,65-74,to_inst,87.39754098,south,direct,0,
25304,2019,,Female,nopre,type2,p3,l1,nopc,b/c,126500,4.25,1.1501,2378.01,360,not_neg,not_int,not_lpsm,148000,sb,pr,home,1U,2940,CRIF,714,CIB,45-54,to_inst,85.47297297,North,direct,0,42
25305,2019,cf,Male,nopre,type1,p1,l1,nopc,nob/c,306500,,,,360,neg_amm,not_int,not_lpsm,,sb,pr,home,1U,5040,EQUI,723,EXP,25-34,to_inst,,North,direct,1,
25306,2019,,Sex Not Available,nopre,type1,p3,l1,nopc,nob/c,246500,4.99,1.0852,4550,360,not_neg,not_int,not_lpsm,348000,sb,pr,home,1U,5040,CIB,654,EXP,45-54,to_inst,70.83333333,south,direct,0,27
25307,2019,,Male,nopre,type1,p2,l1,nopc,nob/c,256500,4.25,0.7649,,360,not_neg,not_int,not_lpsm,358000,sb,pr,home,1U,3720,EXP,724,CIB,55-64,to_inst,71.64804469,North,direct,0,48
25308,2019,cf,Joint,nopre,type3,p4,l1,nopc,nob/c,126500,3.75,0.0695,252.03,360,not_neg,not_int,not_lpsm,268000,sb,pr,home,1U,,EXP,540,EXP,>74,to_inst,47.20149254,North,direct,0,
25309,2019,cf,Male,nopre,type2,p3,l1,nopc,b/c,386500,4.625,0.7528,0,360,not_neg,not_int,not_lpsm,498000,sb,pr,home,1U,6960,EXP,856,CIB,35-44,to_inst,77.61044177,North,direct,0,51
25310,2019,cf,Sex Not Available,nopre,type2,p3,l2,nopc,b/c,156500,4.75,1.2757,0,360,not_neg,not_int,not_lpsm,178000,sb,pr,home,1U,2580,CIB,527,CIB,25-34,to_inst,87.92134831,south,direct,0,61
25311,2019,cf,Male,pre,type1,p4,l1,nopc,nob/c,486500,,,,360,not_neg,not_int,not_lpsm,,sb,pr,home,1U,12660,EQUI,605,EXP,45-54,not_inst,,south,direct,1,
25312,2019,cf,Female,nopre,type1,p1,l1,nopc,nob/c,406500,3.5,-0.1484,215,360,not_neg,not_int,not_lpsm,558000,sb,pr,home,1U,4620,CRIF,738,CIB,25-34,not_inst,72.84946237,North,direct,0,38
25313,2019,cf,Joint,nopre,type3,p3,l1,nopc,nob/c,656500,3.49,0.1197,11470.17,360,not_neg,not_int,not_lpsm,708000,sb,pr,home,1U,11220,CRIF,811,EXP,55-64,not_inst,92.7259887,south,direct,0,31
25314,2019,cf,Male,nopre,type1,p1,l1,nopc,nob/c,506500,3.75,0.2438,6252.81,360,not_neg,not_int,not_lpsm,588000,sb,pr,home,1U,7380,CRIF,546,CIB,25-34,not_inst,86.13945578,North,direct,0,35
25315,2019,cf,Male,nopre,type1,p3,l1,nopc,nob/c,196500,4.5,0.6424,3705.5,360,not_neg,not_int,not_lpsm,258000,sb,pr,home,1U,4200,CRIF,569,CIB,45-54,to_inst,76.1627907,south,direct,0,27
25316,2019,cf,Joint,nopre,type1,p1,l1,nopc,nob/c,566500,3.875,0.1438,1728.49,360,not_neg,not_int,not_lpsm,608000,sb,pr,home,1U,6360,EXP,806,EXP,35-44,not_inst,93.17434211,North,direct,0,46
25317,2019,,Joint,nopre,type1,p4,l1,nopc,nob/c,106500,5.125,1.153,1235,360,not_neg,not_int,not_lpsm,448000,sb,ir,home,1U,7380,CRIF,537,EXP,65-74,not_inst,23.77232143,North,direct,0,24
25318,2019,ncf,Joint,nopre,type3,p4,l1,nopc,nob/c,516500,,,,360,not_neg,not_int,not_lpsm,498000,sb,pr,home,1U,,CIB,759,EXP,55-64,not_inst,103.7148594,North,direct,1,
25319,2019,cf,Male,nopre,type3,p1,l1,nopc,nob/c,66500,3.99,0.7174,2080,240,not_neg,not_int,not_lpsm,68000,sb,pr,home,1U,3960,EXP,734,CIB,65-74,to_inst,97.79411765,south,direct,0,33
25320,2019,cf,Female,nopre,type2,p3,l1,nopc,b/c,216500,3.625,0.8591,4850.45,360,not_neg,not_int,not_lpsm,298000,sb,pr,home,1U,5880,CIB,517,CIB,45-54,to_inst,72.65100671,North,direct,0,30
25321,2019,cf,Sex Not Available,nopre,type1,p4,l1,nopc,nob/c,476500,3.625,-0.253,0,360,not_neg,not_int,not_lpsm,618000,sb,pr,home,1U,9720,CRIF,547,CIB,45-54,not_inst,77.10355987,south,direct,0,31
25322,2019,cf,Sex Not Available,pre,type1,p3,l1,nopc,nob/c,96500,4.625,1.3477,,360,not_neg,not_int,not_lpsm,118000,sb,pr,home,1U,2220,CRIF,594,CIB,>74,to_inst,81.77966102,south,direct,0,49
25323,2019,cf,Joint,nopre,type1,p4,l1,nopc,nob/c,246500,3.99,0.5641,4325.85,360,not_neg,not_int,not_lpsm,318000,sb,pr,home,1U,3720,EXP,853,EXP,55-64,to_inst,77.51572327,central,direct,0,44
25324,2019,cf,Male,nopre,type2,p3,l2,nopc,b/c,86500,4.375,0.9291,1958.35,360,not_neg,not_int,not_lpsm,118000,sb,pr,home,1U,2820,EXP,538,CIB,65-74,to_inst,73.30508475,North,direct,0,17
25325,2019,cf,Sex Not Available,nopre,type1,p4,l1,nopc,nob/c,176500,3.875,0.3808,3029.75,312,not_neg,not_int,not_lpsm,228000,sb,pr,home,1U,3240,EXP,836,CIB,35-44,to_inst,77.4122807,south,direct,0,40
25326,2019,cf,Male,nopre,type3,p3,l1,nopc,nob/c,436500,4.125,-0.0896,,360,neg_amm,not_int,not_lpsm,578000,sb,pr,home,1U,6660,CRIF,658,EXP,55-64,to_inst,75.51903114,North,direct,0,60
25327,2019,cf,Male,nopre,type1,p3,l1,nopc,nob/c,336500,3.625,0.1085,5168.85,360,not_neg,not_int,not_lpsm,558000,sb,pr,home,1U,3780,EXP,670,CIB,55-64,not_inst,60.3046595,south,direct,0,44
25328,2019,cf,Male,nopre,type2,p3,l1,nopc,b/c,216500,,,,360,not_neg,not_int,not_lpsm,298000,sb,pr,home,1U,4740,CIB,800,CIB,35-44,to_inst,72.65100671,North,direct,1,37
25329,2019,cf,Male,nopre,type2,p1,l1,nopc,b/c,366500,3.625,1.0684,1061.59,360,not_neg,not_int,not_lpsm,378000,sb,pr,home,1U,6540,EXP,884,CIB,25-34,not_inst,96.95767196,North,direct,0,38
25330,2019,cf,Sex Not Available,nopre,type3,p4,l1,nopc,nob/c,226500,3.99,0.202,0,360,not_neg,not_int,not_lpsm,238000,sb,pr,home,1U,,CIB,583,EXP,45-54,to_inst,95.16806723,south,direct,0,
25331,2019,cf,Female,nopre,type1,p4,l1,nopc,nob/c,126500,3.375,0.4068,1401.13,180,not_neg,not_int,not_lpsm,148000,sb,pr,home,1U,2760,CRIF,633,CIB,45-54,to_inst,85.47297297,North,direct,0,41
25332,2019,cf,Joint,nopre,type1,p3,l1,nopc,nob/c,216500,3.875,0.8173,0,240,not_neg,not_int,not_lpsm,518000,sb,pr,home,1U,5760,CRIF,666,EXP,35-44,not_inst,41.7953668,North,direct,0,30
25333,2019,cf,Female,pre,type1,p3,l1,nopc,nob/c,406500,,,,240,not_neg,not_int,not_lpsm,678000,sb,pr,home,1U,3780,CIB,742,CIB,45-54,not_inst,59.95575221,North,direct,1,52
25334,2019,cf,Sex Not Available,nopre,type1,p3,l1,nopc,nob/c,206500,4.18,0.2555,4790,360,not_neg,not_int,not_lpsm,278000,sb,pr,home,1U,3660,EXP,640,CIB,65-74,to_inst,74.28057554,south,direct,0,45
25335,2019,cf,Joint,nopre,type1,p4,l1,nopc,nob/c,166500,3.99,0.8083,5279.54,360,not_neg,not_int,not_lpsm,198000,sb,pr,home,1U,5460,CIB,512,EXP,>74,to_inst,84.09090909,North,direct,0,41
25336,2019,cf,Joint,nopre,type1,p3,l1,nopc,nob/c,146500,3.99,1.3473,4285.11,180,neg_amm,not_int,not_lpsm,458000,sb,pr,home,1U,7020,EXP,508,EXP,55-64,to_inst,31.98689956,central,direct,0,27
25337,2019,cf,Female,nopre,type1,p1,l1,nopc,nob/c,506500,4.75,0.756,1845,360,not_neg,not_int,not_lpsm,538000,sb,pr,home,1U,7500,CIB,699,CIB,35-44,not_inst,94.14498141,North,direct,0,45
25338,2019,cf,Sex Not Available,nopre,type1,p1,l1,nopc,nob/c,116500,3.99,0.7609,2955,360,not_neg,not_int,not_lpsm,128000,sb,pr,home,1U,1920,CRIF,581,CIB,25-34,to_inst,91.015625,south,direct,0,47
25339,2019,cf,Female,nopre,type1,p3,l1,nopc,nob/c,366500,3.5,0.0318,,360,not_neg,not_int,not_lpsm,928000,sb,pr,home,1U,9360,EXP,723,CIB,45-54,to_inst,39.49353448,south,direct,0,20
25340,2019,cf,Male,nopre,type3,p3,l1,nopc,nob/c,266500,,,,360,not_neg,not_int,not_lpsm,,sb,pr,home,1U,3540,EQUI,692,EXP,65-74,to_inst,,North,direct,1,
25341,2019,cf,Joint,nopre,type2,p1,l1,nopc,b/c,226500,,,,360,not_neg,not_int,not_lpsm,228000,sb,pr,home,1U,2220,CIB,522,EXP,65-74,not_inst,99.34210526,central,direct,1,50
25342,2019,cf,Female,nopre,type1,p3,l1,nopc,nob/c,266500,4.125,0.0743,370.63,360,not_neg,not_int,not_lpsm,358000,sb,pr,home,1U,6240,EXP,830,EXP,35-44,not_inst,74.44134078,south,direct,0,27
25343,2019,cf,Sex Not Available,nopre,type1,p2,l1,nopc,nob/c,86500,,,,180,not_neg,int_only,not_lpsm,138000,sb,pr,home,1U,4860,CIB,877,CIB,55-64,to_inst,62.68115942,south,direct,1,20
25344,2019,cf,Sex Not Available,nopre,type2,p3,l1,nopc,b/c,116500,,,,360,not_neg,not_int,not_lpsm,,sb,pr,home,1U,1860,EQUI,614,EXP,35-44,to_inst,,south,direct,1,
25345,2019,ncf,Joint,nopre,type1,p1,l1,nopc,nob/c,196500,3.625,0.6092,7095.46,180,not_neg,not_int,not_lpsm,358000,sb,pr,home,1U,8340,EXP,706,EXP,55-64,to_inst,54.88826816,North,direct,0,22
25346,2019,cf,Sex Not Available,pre,type3,p3,l1,nopc,nob/c,186500,3.99,1.1688,5850,240,not_neg,not_int,not_lpsm,258000,sb,pr,home,1U,3600,CRIF,546,CIB,45-54,to_inst,72.28682171,south,direct,0,30
25347,2019,cf,Joint,pre,type2,p1,l1,nopc,b/c,346500,4.375,1.7709,3825.11,360,not_neg,not_int,not_lpsm,358000,sb,pr,home,1U,5460,CIB,858,EXP,25-34,to_inst,96.7877095,North,direct,0,53
25348,2019,cf,Male,nopre,type1,p3,l1,nopc,nob/c,506500,3.25,-0.2387,0,360,not_neg,not_int,not_lpsm,878000,sb,pr,home,1U,9720,CIB,727,CIB,45-54,to_inst,57.68792711,south,direct,0,31
25349,2019,cf,Sex Not Available,nopre,type3,p1,l2,nopc,nob/c,126500,,,,300,neg_amm,not_int,not_lpsm,128000,sb,pr,home,1U,1740,CRIF,626,CIB,>74,to_inst,98.828125,south,direct,1,45
25350,2019,cf,Joint,nopre,type3,p4,l1,nopc,nob/c,506500,3.75,-0.428,0,360,not_neg,not_int,not_lpsm,618000,sb,pr,home,1U,,CIB,620,EXP,65-74,not_inst,81.9579288,central,direct,0,
25351,2019,cf,Male,nopre,type1,p4,l1,nopc,nob/c,306500,3.875,0.3451,6090,360,not_neg,not_int,not_lpsm,438000,sb,ir,home,1U,1800,CRIF,580,CIB,>74,not_inst,69.97716895,central,direct,0,47
25352,2019,cf,Joint,nopre,type1,p1,l1,nopc,nob/c,506500,3.875,0.3239,0,360,not_neg,not_int,not_lpsm,538000,sb,pr,home,1U,4980,CRIF,698,EXP,45-54,not_inst,94.14498141,North,direct,0,47
25353,2019,cf,Sex Not Available,nopre,type3,p4,l1,nopc,nob/c,356500,,,,360,not_neg,not_int,not_lpsm,,sb,pr,home,1U,0,EQUI,609,EXP,25-34,to_inst,,south,direct,1,
25354,2019,cf,Female,nopre,type1,p2,l1,nopc,nob/c,106500,,,,180,neg_amm,not_int,not_lpsm,188000,sb,pr,home,1U,3000,CRIF,623,CIB,45-54,to_inst,56.64893617,North,direct,1,30
25355,2019,cf,Male,nopre,type1,p1,l1,nopc,nob/c,496500,,,,360,not_neg,not_int,not_lpsm,,sb,pr,home,1U,12360,EQUI,544,EXP,45-54,not_inst,,North,direct,1,
25356,2019,cf,Sex Not Available,nopre,type1,p3,l1,nopc,nob/c,486500,4.99,1.3328,1250,360,not_neg,not_int,not_lpsm,948000,sb,ir,home,1U,7920,CIB,645,EXP,45-54,to_inst,51.3185654,south,direct,0,46
25357,2019,cf,Female,nopre,type1,p3,l1,nopc,nob/c,136500,3.75,0.2584,4214.38,360,not_neg,not_int,not_lpsm,268000,sb,pr,home,1U,4500,CRIF,620,CIB,45-54,to_inst,50.93283582,North-East,direct,0,25
25358,2019,cf,Joint,nopre,type1,p1,l1,nopc,nob/c,186500,3.125,-0.5986,4052.79,360,not_neg,not_int,not_lpsm,238000,sb,pr,home,1U,2820,EXP,657,EXP,65-74,to_inst,78.36134454,North,direct,0,41
25359,2019,cf,Male,nopre,type1,p4,l1,nopc,nob/c,546500,3.75,0.0258,1778.62,360,not_neg,not_int,not_lpsm,858000,sb,pr,home,1U,9120,CIB,652,CIB,35-44,not_inst,63.69463869,North,direct,0,36
25360,2019,cf,Sex Not Available,pre,type2,p3,l1,nopc,b/c,176500,3.875,0.9708,2838.9,360,not_neg,not_int,not_lpsm,198000,sb,pr,home,1U,3420,CIB,860,EXP,65-74,to_inst,89.14141414,south,direct,0,32
25361,2019,cf,Joint,nopre,type2,p1,l1,nopc,b/c,456500,3.875,1.3271,9783.36,360,not_neg,not_int,not_lpsm,468000,sb,pr,home,1U,6480,CIB,712,EXP,65-74,not_inst,97.54273504,south,direct,0,54
25362,2019,cf,Female,nopre,type1,p1,l1,nopc,nob/c,416500,3.25,-0.3409,3240,360,not_neg,not_int,not_lpsm,698000,sb,pr,home,1U,7500,CIB,787,CIB,35-44,not_inst,59.67048711,North,direct,0,34
25363,2019,cf,Sex Not Available,nopre,type1,p4,l1,nopc,nob/c,356500,4.375,0.1946,5637.5,360,not_neg,not_int,not_lpsm,528000,sb,pr,home,1U,5400,EXP,866,EXP,65-74,to_inst,67.51893939,south,direct,0,45
25364,2019,cf,Female,nopre,type2,p3,l1,nopc,b/c,526500,,,,300,not_neg,int_only,not_lpsm,658000,sb,pr,home,1U,10500,CRIF,513,EXP,45-54,to_inst,80.01519757,North-East,direct,1,57
25365,2019,cf,Sex Not Available,nopre,type1,p3,l1,nopc,nob/c,256500,2.99,0.1423,5760,180,not_neg,not_int,not_lpsm,508000,sb,pr,home,1U,4440,EXP,737,EXP,45-54,to_inst,50.49212598,south,direct,0,43
25366,2019,cf,Sex Not Available,nopre,type1,p1,l1,nopc,nob/c,566500,,,,360,not_neg,not_int,not_lpsm,,sb,pr,home,1U,5340,EQUI,694,EXP,25-34,to_inst,,south,direct,1,
25367,2019,cf,Sex Not Available,nopre,type1,p3,l1,nopc,nob/c,196500,3.99,0.5491,6370,360,not_neg,not_int,not_lpsm,408000,sb,pr,home,1U,2580,EXP,501,CIB,>74,to_inst,48.16176471,south,direct,0,42
25368,2019,cf,Sex Not Available,nopre,type3,p3,l1,nopc,nob/c,336500,3.75,-0.0394,0,360,not_neg,not_int,not_lpsm,418000,sb,pr,home,1U,4560,CIB,876,EXP,>74,to_inst,80.50239234,south,direct,0,59
25369,2019,cf,Sex Not Available,nopre,type1,p3,l1,nopc,nob/c,406500,4.5,1.0226,6699.95,336,not_neg,not_int,not_lpsm,578000,sb,pr,home,1U,6000,CIB,771,CIB,65-74,to_inst,70.32871972,south,direct,0,39
25370,2019,cf,Male,nopre,type3,p4,l1,nopc,nob/c,446500,2.75,-0.8685,4929.95,360,not_neg,not_int,not_lpsm,568000,sb,pr,home,1U,,EXP,898,CIB,35-44,to_inst,78.60915493,North,direct,0,
25371,2019,cf,Sex Not Available,pre,type1,p1,l1,nopc,nob/c,316500,4.375,0.2154,1926,360,neg_amm,not_int,not_lpsm,328000,sb,pr,home,1U,7260,CRIF,815,EXP,25-34,to_inst,96.49390244,south,direct,0,32
25372,2019,cf,Sex Not Available,nopre,type1,p4,l1,nopc,nob/c,286500,3.99,0.494,1250,360,not_neg,not_int,not_lpsm,318000,sb,pr,home,1U,5400,EXP,736,CIB,35-44,to_inst,90.09433962,south,direct,0,46
25373,2019,cf,Joint,nopre,type3,p1,l1,nopc,nob/c,206500,3.75,0.1521,0,360,not_neg,not_int,not_lpsm,208000,sb,pr,home,1U,6000,CIB,885,EXP,45-54,not_inst,99.27884615,North,direct,0,42
25374,2019,cf,Male,nopre,type1,p3,l1,nopc,nob/c,146500,4.56,0.3202,3155,360,not_neg,not_int,not_lpsm,318000,sb,pr,home,1U,3420,EXP,760,CIB,55-64,to_inst,46.06918239,south,direct,0,35
25375,2019,cf,Male,nopre,type1,p4,l1,nopc,nob/c,446500,4.375,-0.0978,267.35,360,neg_amm,not_int,not_lpsm,588000,sb,pr,home,1U,6360,CIB,514,CIB,35-44,not_inst,75.93537415,south,direct,0,43
25376,2019,cf,Sex Not Available,nopre,type1,p3,l1,nopc,nob/c,226500,5.375,0.9403,3931.25,360,neg_amm,not_int,not_lpsm,318000,sb,pr,home,1U,2820,CIB,678,CIB,55-64,to_inst,71.22641509,south,direct,0,48
25377,2019,cf,Sex Not Available,nopre,type1,p4,l1,nopc,nob/c,406500,,,,240,not_neg,not_int,not_lpsm,478000,sb,pr,home,1U,7800,CIB,843,EXP,35-44,to_inst,85.041841,south,direct,1,35
25378,2019,cf,Joint,nopre,type2,p3,l1,nopc,b/c,446500,,,,360,not_neg,int_only,not_lpsm,,sb,pr,home,1U,4320,EQUI,597,EXP,45-54,to_inst,,North,direct,1,
25379,2019,cf,Female,nopre,type1,p4,l1,nopc,nob/c,306500,3.75,-0.0582,,360,neg_amm,not_int,not_lpsm,518000,sb,pr,home,1U,4260,CIB,698,CIB,45-54,to_inst,59.16988417,south,direct,0,40
25380,2019,cf,Male,nopre,type1,p4,l1,nopc,nob/c,256500,3.75,0.7997,4159.03,240,not_neg,not_int,not_lpsm,398000,sb,pr,home,1U,6780,CIB,536,CIB,45-54,to_inst,64.44723618,North,direct,0,32
25381,2019,cf,Joint,nopre,type1,p3,l1,nopc,nob/c,206500,4.75,1.2235,3608.63,360,not_neg,not_int,not_lpsm,298000,sb,pr,home,1U,3720,CIB,875,EXP,45-54,to_inst,69.29530201,North,direct,0,38
25382,2019,ncf,Male,nopre,type1,p3,l1,nopc,nob/c,576500,,,,360,neg_amm,not_int,not_lpsm,978000,sb,pr,home,2U,4680,CIB,537,CIB,45-54,not_inst,58.94683027,North,direct,1,55
25383,2019,cf,Female,nopre,type2,p3,l1,nopc,b/c,256500,,,,360,not_neg,not_int,not_lpsm,348000,sb,pr,home,1U,3120,CRIF,523,CIB,45-54,not_inst,73.70689655,North,direct,1,46
25384,2019,cf,Joint,nopre,type1,p4,l1,nopc,nob/c,556500,3.125,-0.1108,0,180,not_neg,not_int,not_lpsm,798000,sb,pr,home,1U,10740,CIB,822,EXP,55-64,not_inst,69.73684211,south,direct,0,31
25385,2019,cf,Sex Not Available,nopre,type3,p4,l1,nopc,nob/c,236500,2.99,-0.698,4595.02,360,not_neg,not_int,not_lpsm,298000,sb,pr,home,1U,,EXP,703,CIB,25-34,to_inst,79.36241611,south,direct,0,
25386,2019,cf,Sex Not Available,nopre,type1,p3,l1,nopc,nob/c,486500,3.5,0.1937,13964.19,324,not_neg,not_int,not_lpsm,928000,sb,pr,home,1U,10980,CIB,638,CIB,45-54,to_inst,52.42456897,south,direct,0,30
25387,2019,cf,Female,pre,type3,p3,l1,nopc,nob/c,416500,4.125,0.3345,1990,360,not_neg,not_int,not_lpsm,488000,sb,pr,home,1U,6480,CIB,619,CIB,55-64,to_inst,85.34836066,central,direct,0,30
25388,2019,cf,Male,pre,type3,p4,l1,nopc,nob/c,276500,3,-0.7057,1722.89,360,not_neg,not_int,not_lpsm,308000,sb,pr,home,1U,,CRIF,671,CIB,65-74,not_inst,89.77272727,central,direct,0,
25389,2019,ncf,Joint,nopre,type2,p4,l1,nopc,b/c,126500,3.5,1.224,4478.4,180,not_neg,not_int,not_lpsm,148000,sb,pr,home,1U,8580,CIB,580,EXP,55-64,to_inst,85.47297297,central,direct,0,29
25390,2019,cf,Female,nopre,type2,p1,l1,nopc,b/c,326500,4.125,0.9786,0,360,not_neg,not_int,not_lpsm,338000,sb,pr,home,1U,4260,CIB,512,CIB,25-34,to_inst,96.59763314,North,direct,0,47
25391,2019,cf,Joint,nopre,type1,p4,l1,nopc,nob/c,486500,3.69,0.0077,941.4,360,not_neg,not_int,not_lpsm,658000,sb,pr,home,1U,8340,EXP,828,EXP,35-44,not_inst,73.93617021,North,direct,0,29
25392,2019,cf,Joint,nopre,type1,p2,l1,nopc,nob/c,176500,,,,360,not_neg,not_int,not_lpsm,,sb,sr,home,1U,9420,EQUI,588,EXP,65-74,to_inst,,North,direct,1,
25393,2019,cf,Sex Not Available,nopre,type1,p4,l1,nopc,nob/c,406500,3.69,-0.028,0,360,not_neg,not_int,not_lpsm,548000,sb,pr,home,1U,15240,CIB,822,EXP,35-44,not_inst,74.17883212,North,direct,0,13
25394,2019,cf,Sex Not Available,nopre,type1,p3,l1,nopc,nob/c,726500,,,,360,not_neg,not_int,not_lpsm,,sb,pr,home,1U,14160,EQUI,730,EXP,>74,to_inst,,south,direct,1,
25395,2019,cf,Sex Not Available,pre,type2,p4,l1,nopc,b/c,266500,,,,360,not_neg,not_int,not_lpsm,288000,sb,pr,home,1U,,EXP,858,CIB,45-54,to_inst,92.53472222,south,direct,1,
25396,2019,cf,Male,nopre,type2,p3,l1,nopc,b/c,216500,4.99,1.2567,4054.09,360,not_neg,not_int,not_lpsm,258000,sb,pr,home,1U,5160,EXP,815,CIB,55-64,to_inst,83.91472868,North,direct,0,32
25397,2019,cf,Joint,nopre,type3,p4,l1,nopc,nob/c,366500,,,,300,not_neg,not_int,not_lpsm,598000,sb,pr,home,1U,,EXP,597,EXP,>74,to_inst,61.28762542,North,direct,1,
25398,2019,cf,Male,nopre,type1,p1,l1,nopc,nob/c,566500,3.5,-0.1042,2131.24,360,not_neg,not_int,not_lpsm,628000,sb,pr,home,1U,6000,CIB,731,CIB,35-44,not_inst,90.20700637,south,direct,0,49
25399,2019,cf,Joint,nopre,type1,p4,l1,nopc,nob/c,386500,3.625,-0.1642,0,360,neg_amm,not_int,not_lpsm,488000,sb,pr,home,1U,6900,CIB,646,EXP,35-44,not_inst,79.20081967,south,direct,0,30
25400,2019,cf,Male,nopre,type1,p4,l1,nopc,nob/c,506500,3.625,-0.1789,209,360,not_neg,not_int,not_lpsm,678000,sb,pr,home,1U,9720,EXP,563,CIB,35-44,not_inst,74.70501475,south,direct,0,27
25401,2019,cf,Male,pre,type1,p4,l1,nopc,nob/c,226500,4.625,0.4646,5358.88,360,not_neg,not_int,not_lpsm,258000,sb,pr,home,1U,4440,CIB,525,CIB,25-34,to_inst,87.79069767,North,direct,0,47
25402,2019,cf,Sex Not Available,nopre,type1,p3,l1,nopc,nob/c,416500,3.99,0.2766,6425,360,not_neg,not_int,not_lpsm,808000,sb,pr,home,1U,4260,CRIF,585,EXP,>74,to_inst,51.5470297,south,direct,0,44
25403,2019,cf,Joint,nopre,type1,p4,l1,nopc,nob/c,176500,3.99,0.4736,4156.25,360,not_neg,not_int,not_lpsm,268000,sb,pr,home,1U,3360,CRIF,783,EXP,>74,to_inst,65.85820896,south,direct,0,40
25404,2019,cf,Male,nopre,type1,p1,l1,nopc,nob/c,506500,4.375,0.559,1890,360,not_neg,not_int,not_lpsm,678000,sb,pr,home,1U,12840,EXP,782,CIB,55-64,not_inst,74.70501475,North,direct,0,49
25405,2019,cf,Sex Not Available,nopre,type1,p1,l1,nopc,nob/c,396500,,,,360,not_neg,not_int,not_lpsm,388000,sb,pr,home,1U,21000,CIB,540,CIB,45-54,to_inst,102.1907216,south,direct,1,17
25406,2019,cf,Joint,nopre,type1,p4,l1,nopc,nob/c,606500,3.69,-0.0311,4341,360,not_neg,not_int,not_lpsm,828000,sb,pr,home,1U,7800,CRIF,761,EXP,45-54,not_inst,73.24879227,south,direct,0,36
25407,2019,cf,Female,nopre,type1,p1,l1,nopc,nob/c,626500,4.125,-0.155,995,360,not_neg,not_int,not_lpsm,788000,sb,pr,home,1U,7560,EXP,784,CIB,25-34,not_inst,79.50507614,south,direct,0,44
25408,2019,cf,Joint,nopre,type1,p4,l1,nopc,nob/c,576500,3.75,0.1516,0,180,not_neg,not_int,not_lpsm,2608000,sb,pr,home,1U,11520,CIB,725,EXP,55-64,not_inst,22.10506135,North,direct,0,46
25409,2019,cf,Sex Not Available,nopre,type2,p3,l1,nopc,b/c,126500,4.25,1.4331,2329.8,360,not_neg,not_int,not_lpsm,148000,sb,pr,home,1U,4680,CRIF,657,EXP,55-64,to_inst,85.47297297,south,direct,0,49
25410,2019,cf,Male,nopre,type1,p1,l1,nopc,nob/c,556500,4.56,0.26,2839,360,neg_amm,not_int,not_lpsm,618000,sb,pr,home,1U,9720,EXP,752,CIB,35-44,not_inst,90.04854369,south,direct,0,40
25411,2019,cf,Joint,nopre,type1,p4,l1,nopc,nob/c,546500,3.625,-0.143,0,360,not_neg,not_int,not_lpsm,728000,sb,pr,home,1U,8160,EXP,715,EXP,25-34,not_inst,75.06868132,North,direct,0,35
25412,2019,cf,Joint,nopre,type1,p4,l1,nopc,nob/c,196500,3.75,0.605,1410.34,240,not_neg,not_int,not_lpsm,278000,sb,pr,home,1U,2760,CIB,756,EXP,45-54,not_inst,70.68345324,south,direct,0,47
25413,2019,cf,Female,nopre,type2,p1,l2,nopc,b/c,126500,4.5,1.3069,2587.02,360,not_neg,not_int,not_lpsm,128000,sb,pr,home,1U,2160,CIB,834,CIB,35-44,to_inst,98.828125,central,direct,0,40
25414,2019,cf,Joint,nopre,type1,p1,l1,nopc,nob/c,356500,,,,360,not_neg,not_int,not_lpsm,,sb,pr,home,1U,4320,EQUI,557,EXP,45-54,not_inst,,south,direct,1,
25415,2019,cf,Female,nopre,type1,p3,l1,nopc,nob/c,286500,3.75,0.8279,5250,180,not_neg,not_int,not_lpsm,368000,sb,pr,home,1U,7440,CRIF,833,CIB,55-64,to_inst,77.85326087,North,direct,0,31
25416,2019,cf,Male,nopre,type1,p4,l2,nopc,nob/c,166500,,,,144,not_neg,not_int,not_lpsm,,sb,pr,home,1U,5760,EQUI,585,EXP,65-74,to_inst,,North,direct,1,
25417,2019,cf,Male,nopre,type1,p3,l1,nopc,nob/c,226500,4.125,0.5905,4701.56,360,not_neg,not_int,not_lpsm,298000,sb,pr,home,1U,2640,CRIF,880,CIB,65-74,to_inst,76.00671141,North,direct,0,42
25418,2019,cf,Joint,nopre,type1,p2,l1,nopc,nob/c,486500,4.25,-0.2048,503.24,360,not_neg,not_int,not_lpsm,858000,sb,pr,home,1U,12300,CRIF,616,EXP,35-44,not_inst,56.7016317,North,direct,0,21
25419,2019,cf,Male,nopre,type1,p4,l1,nopc,nob/c,156500,,,,360,not_neg,not_int,not_lpsm,,sb,pr,home,1U,3960,EQUI,727,EXP,>74,to_inst,,North,direct,1,
25420,2019,cf,Female,pre,type1,p4,l1,nopc,nob/c,236500,4.125,0.4061,295,360,not_neg,not_int,not_lpsm,738000,sb,pr,home,1U,3720,CIB,654,EXP,55-64,to_inst,32.04607046,North,direct,0,47
25421,2019,cf,Female,nopre,type1,p3,l1,nopc,nob/c,486500,3.125,0.5587,16087.19,156,not_neg,not_int,not_lpsm,828000,sb,pr,home,2U,13860,EXP,561,CIB,55-64,to_inst,58.75603865,North,direct,0,25
25422,2019,cf,Male,nopre,type1,p3,l1,nopc,nob/c,186500,4.99,1.3913,2378.13,360,not_neg,not_int,not_lpsm,378000,sb,ir,home,1U,5340,CIB,791,CIB,45-54,to_inst,49.33862434,North,direct,0,21
25423,2019,cf,Joint,nopre,type1,p3,l1,nopc,nob/c,396500,3.625,0.7804,12246.98,180,not_neg,not_int,not_lpsm,568000,sb,pr,home,1U,13140,CRIF,613,EXP,45-54,to_inst,69.80633803,south,direct,0,36
25424,2019,cf,Sex Not Available,nopre,type3,p4,l1,nopc,nob/c,346500,3.25,-0.448,0,360,not_neg,not_int,not_lpsm,408000,sb,pr,home,1U,,EXP,884,EXP,35-44,to_inst,84.92647059,south,direct,0,
25425,2019,cf,Sex Not Available,nopre,type3,p4,l1,nopc,nob/c,626500,2.99,-0.6885,6875.07,360,not_neg,not_int,not_lpsm,628000,sb,pr,home,1U,,EXP,570,EXP,55-64,to_inst,99.7611465,south,direct,0,
25426,2019,cf,Male,nopre,type1,p3,l1,nopc,nob/c,336500,3.375,-0.2774,3905.9,324,neg_amm,not_int,not_lpsm,578000,sb,pr,home,1U,3240,EXP,805,CIB,>74,not_inst,58.21799308,central,direct,0,49
25427,2019,cf,Sex Not Available,pre,type1,p3,l1,nopc,nob/c,306500,4.18,-0.0623,4241.88,360,not_neg,not_int,not_lpsm,528000,sb,pr,home,1U,3600,CIB,899,EXP,45-54,to_inst,58.04924242,south,direct,0,44
25428,2019,cf,Female,nopre,type1,p3,l1,nopc,nob/c,416500,3.25,-0.3023,6022.5,360,not_neg,not_int,not_lpsm,558000,sb,pr,home,1U,6360,EXP,890,CIB,65-74,not_inst,74.64157706,North,direct,0,33
25429,2019,cf,Male,nopre,type1,p4,l1,nopc,nob/c,436500,2.99,0.3374,14135.15,180,not_neg,not_int,not_lpsm,908000,sb,sr,home,1U,14340,CRIF,545,CIB,>74,to_inst,48.07268722,North,direct,0,41
25430,2019,cf,Male,nopre,type1,p3,l1,nopc,nob/c,486500,,,,360,not_neg,not_int,not_lpsm,578000,sb,pr,home,1U,8760,CIB,720,CIB,35-44,to_inst,84.16955017,North,direct,1,46
25431,2019,cf,Female,nopre,type1,p4,l1,nopc,nob/c,286500,,,,360,not_neg,int_only,not_lpsm,,sb,pr,home,1U,4620,EQUI,775,EXP,65-74,to_inst,,North,direct,1,
25432,2019,cf,Joint,nopre,type2,p4,l1,nopc,b/c,516500,3.625,0.8943,0,360,not_neg,not_int,not_lpsm,638000,sb,pr,home,1U,,EXP,722,EXP,25-34,not_inst,80.95611285,North,direct,0,
25433,2019,cf,Joint,nopre,type1,p4,l2,nopc,nob/c,596500,4.56,0.4791,4720,360,not_neg,not_int,not_lpsm,758000,sb,pr,home,1U,16680,CIB,526,EXP,35-44,to_inst,78.6939314,North,direct,0,36
25434,2019,cf,Joint,nopre,type1,p3,l1,nopc,nob/c,716500,,,,360,not_neg,not_int,not_lpsm,1198000,sb,pr,home,1U,7860,CRIF,553,EXP,25-34,not_inst,59.80801336,North,direct,1,61
25435,2019,ncf,Sex Not Available,nopre,type3,p3,l1,nopc,nob/c,566500,4.5,0.3124,710.51,360,neg_amm,not_int,not_lpsm,608000,sb,pr,home,1U,16260,CIB,561,CIB,55-64,to_inst,93.17434211,south,direct,0,22
25436,2019,cf,Female,nopre,type1,p3,l1,nopc,nob/c,296500,4.375,0.9005,9133.25,360,not_neg,not_int,not_lpsm,368000,sb,pr,home,1U,4680,CRIF,845,CIB,55-64,to_inst,80.57065217,south,direct,0,40
25437,2019,cf,Male,nopre,type1,p4,l1,nopc,nob/c,356500,3.625,0.037,0,360,not_neg,not_int,not_lpsm,448000,sb,pr,home,1U,5160,CRIF,815,CIB,<25,not_inst,79.57589286,south,direct,0,39
25438,2019,cf,Female,pre,type1,p1,l1,nopc,nob/c,256500,5.125,0.7443,2716.74,360,neg_amm,not_int,not_lpsm,268000,sb,pr,home,1U,5760,EXP,513,CIB,35-44,to_inst,95.70895522,North,direct,0,36
25439,2019,cf,Joint,nopre,type1,p1,l1,nopc,nob/c,586500,4,0.491,4395,360,not_neg,not_int,not_lpsm,728000,sb,pr,home,1U,7800,CRIF,569,EXP,45-54,not_inst,80.56318681,North,direct,0,45
25440,2019,cf,Joint,nopre,type1,p4,l2,nopc,nob/c,626500,4.375,0.4637,0,360,not_neg,not_int,not_lpsm,728000,sb,pr,home,1U,9060,EXP,898,EXP,45-54,not_inst,86.05769231,south,direct,0,41
25441,2019,cf,Joint,nopre,type1,p3,l1,nopc,nob/c,266500,4.5,0.1008,795,360,not_neg,not_int,not_lpsm,528000,sb,pr,home,1U,4260,CIB,719,EXP,55-64,to_inst,50.47348485,North,direct,0,46
25442,2019,cf,Joint,nopre,type1,p1,l1,nopc,nob/c,236500,3.625,0.3673,4147.88,360,not_neg,not_int,not_lpsm,238000,sb,pr,home,1U,3300,CIB,596,EXP,25-34,to_inst,99.3697479,North,direct,0,49
25443,2019,cf,Female,nopre,type1,p4,l1,nopc,nob/c,286500,3.625,-0.0425,433.6,360,not_neg,not_int,not_lpsm,548000,sb,pr,home,1U,4440,EXP,879,EXP,25-34,not_inst,52.2810219,south,direct,0,31
25444,2019,cf,Sex Not Available,nopre,type3,p4,l1,nopc,nob/c,566500,4.125,-0.0713,0,360,not_neg,not_int,not_lpsm,658000,sb,pr,home,1U,,EXP,814,EXP,45-54,to_inst,86.09422492,south,direct,0,
25445,2019,cf,Female,nopre,type1,p1,l1,nopc,nob/c,656500,4.99,1.014,1790,360,neg_amm,not_int,not_lpsm,698000,sb,pr,home,1U,11100,CIB,750,CIB,35-44,not_inst,94.05444126,south,direct,0,41
25446,2019,cf,Sex Not Available,nopre,type1,p1,l1,nopc,nob/c,466500,3.99,0.2659,4454,360,not_neg,not_int,not_lpsm,668000,sb,pr,home,1U,10380,CIB,848,EXP,25-34,to_inst,69.83532934,south,direct,0,33
25447,2019,cf,Female,nopre,type2,p4,l2,nopc,b/c,186500,,,,360,not_neg,not_int,not_lpsm,218000,sb,pr,home,1U,5820,CIB,549,CIB,35-44,to_inst,85.55045872,North,direct,1,26
25448,2019,cf,Joint,nopre,type1,p3,l1,nopc,nob/c,416500,4.625,0.2047,2722.95,360,neg_amm,not_int,not_lpsm,798000,sb,pr,home,1U,4560,EXP,709,EXP,55-64,to_inst,52.19298246,south,direct,0,46
25449,2019,cf,Sex Not Available,nopre,type1,p1,l1,nopc,nob/c,356500,4.5,0.0663,0,360,neg_amm,not_int,not_lpsm,658000,sb,pr,home,1U,7860,EXP,735,EXP,25-34,to_inst,54.17933131,south,direct,0,22
25450,2019,cf,Female,nopre,type2,p3,l1,nopc,b/c,386500,,,,360,not_neg,not_int,not_lpsm,488000,sb,pr,home,1U,6300,CRIF,829,CIB,45-54,to_inst,79.20081967,North,direct,1,18
25451,2019,cf,Female,nopre,type1,p4,l1,nopc,nob/c,446500,4.75,0.3523,1027.03,360,neg_amm,not_int,not_lpsm,468000,sb,pr,home,1U,4800,CRIF,546,CIB,25-34,not_inst,95.40598291,North,direct,0,49
25452,2019,cf,Male,nopre,type1,p4,l1,nopc,nob/c,226500,,,,324,neg_amm,not_int,not_lpsm,238000,sb,pr,home,1U,4920,CRIF,633,CIB,55-64,to_inst,95.16806723,North,direct,1,41
25453,2019,cf,Sex Not Available,nopre,type1,p3,l1,nopc,nob/c,296500,,,,300,neg_amm,int_only,not_lpsm,,sb,pr,home,1U,10080,EQUI,547,EXP,>74,to_inst,,south,direct,1,
25454,2019,cf,Male,nopre,type1,p4,l1,nopc,nob/c,376500,4.99,0.5677,1266.47,360,not_neg,not_int,not_lpsm,438000,sb,sr,home,1U,32400,CRIF,818,CIB,35-44,not_inst,85.95890411,North,direct,0,24
25455,2019,cf,Female,nopre,type1,p2,l1,nopc,nob/c,326500,4.75,0.322,950,360,neg_amm,not_int,not_lpsm,438000,sb,ir,home,1U,16200,CIB,776,CIB,45-54,not_inst,74.543379,south,direct,0,31
25456,2019,cf,Female,nopre,type1,p3,l1,nopc,nob/c,256500,4.25,-0.1801,425,360,not_neg,not_int,not_lpsm,488000,sb,pr,home,1U,3120,CIB,728,EXP,25-34,not_inst,52.56147541,south,direct,0,48
25457,2019,cf,Male,nopre,type3,p3,l1,nopc,nob/c,206500,,,,180,not_neg,not_int,not_lpsm,,sb,pr,home,1U,11640,EQUI,857,EXP,45-54,to_inst,,North,direct,1,
25458,2019,cf,Sex Not Available,nopre,type3,p4,l1,nopc,nob/c,216500,3.625,-0.0225,0,360,not_neg,not_int,not_lpsm,218000,sb,pr,home,1U,,EXP,881,CIB,55-64,to_inst,99.31192661,south,direct,0,
25459,2019,cf,Male,nopre,type1,p3,l1,nopc,nob/c,706500,4.75,0.372,4705.26,360,not_neg,not_int,not_lpsm,888000,sb,pr,home,1U,17640,CIB,899,CIB,35-44,not_inst,79.56081081,south,direct,0,46
25460,2019,cf,Male,nopre,type3,p4,l1,nopc,nob/c,246500,3.75,0.2054,953.07,360,not_neg,not_int,not_lpsm,258000,sb,pr,home,1U,,CRIF,629,CIB,55-64,to_inst,95.54263566,North,direct,0,
25461,2019,cf,Sex Not Available,nopre,type1,p3,l1,nopc,nob/c,266500,4.125,-0.1822,4620,360,neg_amm,not_int,not_lpsm,338000,sb,pr,home,1U,9180,CIB,669,CIB,45-54,to_inst,78.84615385,south,direct,0,38
25462,2019,cf,Male,nopre,type1,p1,l2,nopc,nob/c,416500,4.375,0.2927,0,360,not_neg,not_int,not_lpsm,518000,sb,pr,home,1U,5280,CRIF,806,CIB,35-44,not_inst,80.40540541,North,direct,0,42
25463,2019,cf,Male,nopre,type1,p1,l1,nopc,nob/c,376500,,,,360,not_neg,not_int,not_lpsm,418000,sb,sr,home,1U,13080,CRIF,680,CIB,55-64,to_inst,90.07177033,North,direct,1,44
25464,2019,cf,Joint,nopre,type1,p4,l1,nopc,nob/c,366500,3.625,0.464,0,240,not_neg,not_int,not_lpsm,538000,sb,pr,home,1U,7140,EXP,774,EXP,45-54,not_inst,68.12267658,south,direct,0,36
25465,2019,cf,Sex Not Available,nopre,type1,p3,l1,nopc,nob/c,276500,3.875,0.4019,5975,360,not_neg,not_int,not_lpsm,408000,sb,pr,home,1U,3840,EXP,565,EXP,35-44,to_inst,67.76960784,south,direct,0,43
25466,2019,cf,Female,pre,type1,p4,l1,nopc,nob/c,496500,4.56,0.7018,0,360,not_neg,not_int,not_lpsm,668000,sb,pr,home,1U,16020,CIB,654,CIB,45-54,not_inst,74.32634731,North,direct,0,23
25467,2019,cf,Male,nopre,type3,p3,l1,nopc,nob/c,236500,2.99,-0.3063,6786.81,360,not_neg,not_int,not_lpsm,278000,sb,pr,home,1U,7800,CRIF,556,CIB,45-54,to_inst,85.07194245,North,direct,0,46
25468,2019,cf,Joint,nopre,type1,p3,l1,nopc,nob/c,226500,3.625,0.546,762.4,180,not_neg,not_int,not_lpsm,448000,sb,pr,home,1U,3900,EXP,500,EXP,65-74,not_inst,50.55803571,North,direct,0,40
25469,2019,cf,Joint,nopre,type3,p3,l1,nopc,nob/c,346500,3.875,0.4341,9377.5,360,not_neg,not_int,not_lpsm,358000,sb,pr,home,1U,3540,EXP,686,EXP,>74,to_inst,96.7877095,North,direct,0,37
25470,2019,cf,Joint,pre,type1,p4,l1,nopc,nob/c,286500,3.99,0.2594,4412.33,360,not_neg,not_int,not_lpsm,408000,sb,pr,home,1U,7800,CIB,811,EXP,>74,to_inst,70.22058824,North,direct,0,22
25471,2019,cf,Female,nopre,type1,p1,l1,nopc,nob/c,406500,3.875,0.3184,0,360,not_neg,not_int,not_lpsm,438000,sb,pr,home,1U,8160,CRIF,630,CIB,25-34,not_inst,92.80821918,North,direct,0,43
25472,2019,cf,Male,nopre,type1,p4,l1,nopc,nob/c,276500,,,,240,neg_amm,not_int,not_lpsm,298000,sb,pr,home,1U,3840,CRIF,726,CIB,45-54,to_inst,92.7852349,south,direct,1,55
25473,2019,cf,Female,nopre,type2,p4,l1,nopc,b/c,166500,,,,360,not_neg,not_int,not_lpsm,188000,sb,pr,home,1U,,CIB,535,CIB,25-34,to_inst,88.56382979,central,direct,1,
25474,2019,cf,Joint,nopre,type3,p3,l1,nopc,nob/c,366500,5.5,1.3652,3985.81,360,not_neg,not_int,not_lpsm,468000,sb,pr,home,1U,3960,CRIF,653,EXP,55-64,to_inst,78.31196581,central,direct,0,55
25475,2019,cf,Joint,pre,type1,p2,l1,nopc,nob/c,196500,,,,180,not_neg,not_int,not_lpsm,,sb,pr,home,1U,6120,EQUI,745,EXP,>74,to_inst,,North,direct,1,
25476,2019,cf,Male,nopre,type2,p4,l1,nopc,b/c,216500,,,,360,neg_amm,not_int,not_lpsm,,sb,pr,home,1U,0,EQUI,626,EXP,25-34,not_inst,,central,direct,1,
25477,2019,cf,Joint,nopre,type1,p1,l1,nopc,nob/c,206500,4.625,1.3778,526.68,360,not_neg,not_int,not_lpsm,228000,sb,pr,home,1U,4680,CRIF,797,EXP,35-44,not_inst,90.57017544,central,direct,0,37
25478,2019,cf,Male,nopre,type1,p3,l1,nopc,nob/c,146500,4.625,0.5378,2733.44,360,not_neg,not_int,not_lpsm,208000,sb,pr,home,1U,2760,EXP,697,CIB,45-54,to_inst,70.43269231,south,direct,0,38
25479,2019,cf,Sex Not Available,nopre,type2,p4,l1,nopc,b/c,456500,,,,360,not_neg,not_int,not_lpsm,,sb,pr,home,1U,0,EQUI,536,EXP,55-64,to_inst,,south,direct,1,
25480,2019,cf,Male,nopre,type1,p3,l1,nopc,nob/c,536500,4.875,1.0805,3686.8,360,not_neg,not_int,not_lpsm,778000,sb,pr,home,1U,10800,EXP,763,CIB,45-54,not_inst,68.95886889,south,direct,0,45
25481,2019,cf,Joint,nopre,type1,p4,l1,nopc,nob/c,366500,3.99,1.1326,5825,240,not_neg,not_int,not_lpsm,488000,sb,pr,home,1U,4860,CIB,636,EXP,55-64,to_inst,75.10245902,North,direct,0,43
25482,2019,cf,Male,nopre,type1,p3,l1,nopc,nob/c,106500,4.625,1.1532,3301,360,not_neg,not_int,not_lpsm,168000,sb,pr,home,1U,3900,CRIF,684,CIB,55-64,to_inst,63.39285714,North,direct,0,14
25483,2019,cf,Female,pre,type2,p1,l1,nopc,b/c,136500,,,,360,not_neg,not_int,not_lpsm,138000,sb,pr,home,1U,0,CIB,535,CIB,25-34,to_inst,98.91304348,central,direct,1,11
25484,2019,cf,Female,nopre,type1,p1,l1,nopc,nob/c,366500,,,,360,not_neg,not_int,not_lpsm,388000,sb,pr,home,1U,3900,EXP,723,CIB,35-44,not_inst,94.45876289,North,direct,1,54
25485,2019,cf,Female,nopre,type1,p4,l1,nopc,nob/c,336500,4.18,0.0663,0,360,not_neg,not_int,not_lpsm,608000,sb,pr,home,1U,4620,CIB,617,CIB,45-54,not_inst,55.34539474,North,direct,0,38
25486,2019,cf,Female,nopre,type1,p3,l1,nopc,nob/c,446500,3.99,0.5193,5650,360,not_neg,not_int,not_lpsm,558000,sb,pr,home,1U,4080,EXP,827,CIB,65-74,to_inst,80.01792115,south,direct,0,44
25487,2019,cf,Sex Not Available,nopre,type1,p4,l1,nopc,nob/c,386500,3.75,0.5743,14300.25,360,not_neg,not_int,not_lpsm,448000,sb,pr,home,1U,11400,CIB,616,EXP,25-34,to_inst,86.27232143,south,direct,0,30
25488,2019,cf,Joint,nopre,type1,p1,l1,nopc,nob/c,696500,3.99,0.5666,7000,360,not_neg,not_int,not_lpsm,778000,sb,pr,home,1U,13440,CIB,766,EXP,35-44,not_inst,89.52442159,south,direct,0,21
25489,2019,cf,Female,nopre,type1,p4,l1,nopc,nob/c,236500,,,,360,not_neg,not_int,not_lpsm,318000,sb,pr,home,1U,3900,CRIF,887,CIB,35-44,to_inst,74.37106918,North,direct,1,30
25490,2019,cf,Joint,nopre,type3,p4,l1,nopc,nob/c,616500,2.75,-0.9908,6064,360,not_neg,not_int,not_lpsm,1048000,sb,pr,home,1U,,CRIF,777,EXP,45-54,not_inst,58.82633588,south,direct,0,
25491,2019,cf,Male,nopre,type1,p4,l1,nopc,nob/c,196500,3.99,0.6149,4943.75,360,not_neg,not_int,not_lpsm,338000,sb,pr,home,1U,4920,CIB,672,CIB,55-64,to_inst,58.13609467,North,direct,0,20
25492,2019,cf,Female,nopre,type1,p4,l1,nopc,nob/c,576500,4.18,-0.128,0,360,not_neg,not_int,not_lpsm,788000,sb,pr,home,1U,8880,CIB,623,CIB,25-34,not_inst,73.15989848,south,direct,0,43
25493,2019,cf,Female,nopre,type2,p3,l1,nopc,b/c,236500,,,,360,not_neg,not_int,not_lpsm,,sb,pr,home,1U,3180,EQUI,623,EXP,65-74,to_inst,,North,direct,1,
25494,2019,cf,Female,nopre,type2,p4,l1,nopc,b/c,236500,3.75,0.9023,0,360,not_neg,not_int,not_lpsm,288000,sb,pr,home,1U,,EXP,518,CIB,55-64,to_inst,82.11805556,North,direct,0,
25495,2019,cf,Sex Not Available,nopre,type2,p3,l1,nopc,b/c,256500,,,,360,not_neg,not_int,not_lpsm,328000,sb,pr,home,1U,5880,CRIF,573,CIB,45-54,to_inst,78.20121951,south,direct,1,53
25496,2019,cf,Male,nopre,type3,p4,l1,nopc,nob/c,376500,2.99,-0.7191,2462.74,360,not_neg,not_int,not_lpsm,408000,sb,pr,home,1U,,EXP,690,CIB,65-74,to_inst,92.27941176,North,direct,0,
25497,2019,cf,Joint,nopre,type2,p4,l1,nopc,b/c,286500,3.5,0.6883,0,360,not_neg,not_int,not_lpsm,298000,sb,pr,home,1U,,EXP,843,EXP,35-44,to_inst,96.1409396,central,direct,0,
25498,2019,cf,Joint,nopre,type1,p4,l1,nopc,nob/c,446500,3.625,0.1069,1984.7,348,not_neg,not_int,not_lpsm,538000,sb,pr,home,1U,7080,CRIF,553,EXP,35-44,not_inst,82.99256506,central,direct,0,32
25499,2019,cf,Sex Not Available,nopre,type1,p4,l1,nopc,nob/c,276500,4.75,0.3346,0,360,not_neg,not_int,not_lpsm,348000,sb,pr,home,1U,8280,EXP,501,EXP,65-74,to_inst,79.45402299,south,direct,0,31
25500,2019,cf,Joint,nopre,type1,p1,l1,nopc,nob/c,386500,4,0.8289,6242.25,360,not_neg,not_int,not_lpsm,398000,sb,pr,home,1U,8880,CRIF,658,EXP,25-34,not_inst,97.11055276,North,direct,0,37
25501,2019,cf,Joint,nopre,type1,p3,l1,nopc,nob/c,216500,4.375,0.6832,2761,180,not_neg,not_int,not_lpsm,368000,sb,pr,home,1U,6420,EXP,525,EXP,45-54,to_inst,58.83152174,central,direct,0,40
25502,2019,cf,Sex Not Available,nopre,type1,p2,l1,nopc,nob/c,156500,,,,360,not_neg,not_int,not_lpsm,,sb,pr,home,1U,1920,EQUI,816,EXP,35-44,to_inst,,south,direct,1,
25503,2019,cf,Sex Not Available,nopre,type1,p3,l1,nopc,nob/c,206500,4.5,1.0437,3000,360,not_neg,not_int,not_lpsm,308000,sb,pr,home,1U,9780,EXP,829,CIB,45-54,to_inst,67.04545455,south,direct,0,19
25504,2019,cf,Male,nopre,type2,p4,l1,nopc,b/c,296500,,,,360,not_neg,not_int,lpsm,288000,sb,pr,home,1U,4560,EXP,527,CIB,35-44,not_inst,102.9513889,North,direct,1,41
25505,2019,ncf,Joint,pre,type2,p4,l1,nopc,b/c,306500,4.375,0.9612,1342.02,360,not_neg,not_int,not_lpsm,338000,sb,pr,home,1U,6120,CIB,783,EXP,55-64,to_inst,90.68047337,south,direct,0,52
25506,2019,cf,Female,nopre,type1,p4,l1,nopc,nob/c,276500,4.875,1.42,6547.5,360,not_neg,not_int,not_lpsm,348000,sb,ir,home,1U,6420,CIB,640,CIB,45-54,not_inst,79.45402299,North,direct,0,44
25507,2019,cf,Male,nopre,type1,p4,l1,nopc,nob/c,296500,3.625,-0.0191,1,360,neg_amm,not_int,not_lpsm,508000,sb,ir,home,1U,21660,CIB,500,CIB,45-54,not_inst,58.36614173,south,direct,0,45
25508,2019,cf,Male,nopre,type1,p1,l1,nopc,nob/c,536500,3.69,0.0708,0,360,not_neg,not_int,not_lpsm,598000,sb,pr,home,1U,8340,EXP,581,CIB,25-34,not_inst,89.71571906,south,direct,0,40
25509,2019,cf,Female,nopre,type2,p2,l1,nopc,b/c,56500,4.25,1.711,1614.85,300,not_neg,not_int,not_lpsm,78000,sb,pr,home,1U,2880,EXP,893,CIB,65-74,to_inst,72.43589744,central,direct,0,47
25510,2019,cf,Female,pre,type1,p3,l1,nopc,nob/c,366500,4.99,0.6507,7200,360,neg_amm,not_int,not_lpsm,488000,sb,pr,home,1U,4620,CRIF,797,CIB,45-54,to_inst,75.10245902,North,direct,0,41
25511,2019,cf,Joint,nopre,type2,p3,l1,nopc,b/c,346500,3.49,0.4178,0,360,not_neg,not_int,not_lpsm,458000,sb,pr,home,1U,8400,CRIF,880,EXP,35-44,not_inst,75.65502183,south,direct,0,30
25512,2019,cf,Sex Not Available,pre,type1,p3,l1,nopc,nob/c,266500,4.25,0.4413,1150,180,neg_amm,not_int,not_lpsm,338000,sb,pr,home,1U,28440,CIB,735,CIB,55-64,to_inst,78.84615385,south,direct,0,10
25513,2019,cf,Joint,nopre,type1,p4,l1,nopc,nob/c,306500,,,,360,neg_amm,not_int,not_lpsm,408000,sb,pr,home,1U,4800,EXP,608,EXP,25-34,to_inst,75.12254902,North,direct,1,45
25514,2019,cf,Male,nopre,type1,p1,l1,nopc,nob/c,126500,4.99,1.1345,3170,360,not_neg,not_int,not_lpsm,168000,sb,pr,home,1U,3240,EXP,892,EXP,45-54,to_inst,75.29761905,south,direct,0,40
25515,2019,cf,Female,pre,type2,p1,l1,nopc,b/c,386500,4.125,0.925,0,360,not_neg,not_int,not_lpsm,388000,sb,pr,home,1U,4680,CRIF,574,CIB,25-34,to_inst,99.61340206,south,direct,0,51
25516,2019,cf,Sex Not Available,nopre,type2,p3,l1,nopc,b/c,136500,,,,360,not_neg,not_int,not_lpsm,168000,sb,pr,home,1U,3240,CRIF,707,CIB,55-64,to_inst,81.25,south,direct,1,49
25517,2019,cf,Male,nopre,type1,p3,l1,nopc,nob/c,486500,4.875,0.6552,9640,360,not_neg,not_int,not_lpsm,688000,sb,pr,home,1U,6600,CIB,686,EXP,65-74,to_inst,70.7122093,North,direct,0,43
25518,2019,cf,Male,nopre,type1,p1,l1,nopc,nob/c,556500,,,,360,not_neg,int_only,not_lpsm,658000,sb,pr,home,1U,9900,CRIF,607,CIB,25-34,to_inst,84.57446809,North,direct,1,21
25519,2019,cf,Joint,nopre,type1,p3,l2,nopc,nob/c,226500,4.99,0.754,3075,360,not_neg,not_int,not_lpsm,278000,sb,pr,home,1U,5820,CRIF,561,EXP,65-74,to_inst,81.47482014,North,direct,0,44
25520,2019,cf,Male,nopre,type1,p3,l1,nopc,nob/c,256500,,,,240,not_neg,not_int,not_lpsm,,sb,pr,home,1U,6300,EQUI,828,EXP,35-44,to_inst,,North,direct,1,
25521,2019,cf,Male,nopre,type1,p4,l1,nopc,nob/c,256500,3.5,0.0567,5637.25,360,neg_amm,not_int,not_lpsm,478000,sb,pr,home,1U,3180,CIB,817,EXP,65-74,to_inst,53.66108787,North,direct,0,34
25522,2019,cf,Joint,nopre,type1,p4,l1,nopc,nob/c,296500,3.625,-0.043,4304.46,360,not_neg,not_int,not_lpsm,458000,sb,pr,home,1U,6600,EXP,640,EXP,45-54,not_inst,64.73799127,North,direct,0,48
25523,2019,cf,Female,nopre,type1,p1,l1,nopc,nob/c,356500,3.625,-0.0989,3500,360,not_neg,not_int,not_lpsm,418000,sb,pr,home,1U,3120,CRIF,889,CIB,25-34,not_inst,85.28708134,south,direct,0,49
25524,2019,cf,Joint,nopre,type1,p3,l1,nopc,nob/c,156500,3.99,0.4281,3312.5,360,neg_amm,not_int,not_lpsm,258000,sb,pr,home,1U,3480,CRIF,858,EXP,>74,to_inst,60.65891473,North,direct,0,33
25525,2019,cf,Sex Not Available,pre,type1,p3,l1,nopc,nob/c,226500,3.99,0.6648,5764.2,360,not_neg,not_int,not_lpsm,318000,sb,pr,home,1U,3900,CIB,775,CIB,45-54,to_inst,71.22641509,south,direct,0,31
25526,2019,cf,Female,nopre,type1,p3,l1,nopc,nob/c,146500,3.99,1.1248,3455.75,240,neg_amm,not_int,not_lpsm,178000,sb,pr,home,1U,3300,CIB,516,CIB,35-44,to_inst,82.30337079,North,direct,0,30
25527,2019,cf,Male,nopre,type3,p4,l1,nopc,nob/c,616500,3.625,-0.0525,0,360,not_neg,not_int,not_lpsm,708000,sb,pr,home,1U,,EXP,585,CIB,55-64,not_inst,87.07627119,North,direct,0,
25528,2019,cf,Sex Not Available,nopre,type1,p3,l1,nopc,nob/c,326500,4.75,0.6694,4395,360,not_neg,not_int,not_lpsm,418000,sb,pr,home,1U,8040,CIB,581,EXP,45-54,to_inst,78.11004785,south,direct,0,26
25529,2019,cf,Female,pre,type1,p3,l1,nopc,nob/c,146500,3.99,0.3725,3831.19,360,not_neg,not_int,not_lpsm,318000,sb,pr,home,1U,3720,CRIF,634,CIB,65-74,to_inst,46.06918239,North,direct,0,35
25530,2019,cf,Male,nopre,type2,p3,l1,nopc,b/c,486500,3.375,0.042,12030,360,not_neg,not_int,not_lpsm,578000,sb,pr,home,1U,5100,EXP,873,CIB,45-54,to_inst,84.16955017,North,direct,0,53
25531,2019,cf,Joint,nopre,type1,p3,l1,nopc,nob/c,356500,4.56,0.1466,445,360,not_neg,not_int,not_lpsm,608000,sb,pr,home,1U,9060,CRIF,862,EXP,35-44,not_inst,58.63486842,south,direct,0,33
25532,2019,cf,Male,nopre,type1,p3,l1,nopc,nob/c,226500,,,,360,neg_amm,not_int,not_lpsm,,sb,pr,home,1U,3240,EQUI,692,EXP,>74,to_inst,,North,direct,1,
25533,2019,cf,Male,nopre,type1,p4,l1,nopc,nob/c,86500,4.5,0.4629,2822,360,neg_amm,not_int,not_lpsm,208000,sb,pr,home,1U,2580,EXP,846,CIB,65-74,to_inst,41.58653846,North,direct,0,24
25534,2019,cf,Joint,nopre,type1,p3,l1,nopc,nob/c,406500,3.25,-0.3049,0,120,not_neg,not_int,not_lpsm,988000,sb,pr,home,1U,15540,CIB,519,EXP,45-54,not_inst,41.1437247,North,direct,0,22
25535,2019,cf,Male,nopre,type1,p1,l2,nopc,nob/c,116500,,,,300,neg_amm,not_int,not_lpsm,148000,sb,ir,home,1U,4740,CIB,799,CIB,35-44,not_inst,78.71621622,North,direct,1,59
25536,2019,cf,Male,nopre,type2,p1,l1,nopc,b/c,216500,3.49,0.7141,1087.45,360,not_neg,not_int,not_lpsm,228000,sb,pr,home,1U,2400,CIB,810,CIB,25-34,to_inst,94.95614035,North,direct,0,43
25537,2019,cf,Female,nopre,type1,p4,l1,nopc,nob/c,396500,4.375,0.6574,0,360,not_neg,not_int,not_lpsm,468000,sb,pr,home,1U,6840,EXP,679,CIB,55-64,not_inst,84.72222222,North,direct,0,31
25538,2019,cf,Male,nopre,type1,p4,l1,nopc,nob/c,596500,3.875,0.4771,7468.75,360,not_neg,not_int,not_lpsm,658000,sb,pr,home,1U,11820,EXP,688,EXP,35-44,not_inst,90.65349544,North,direct,0,45
25539,2019,cf,Sex Not Available,pre,type1,p4,l1,nopc,nob/c,516500,4,0.1314,0,360,not_neg,not_int,not_lpsm,908000,sb,pr,home,1U,9660,EXP,558,EXP,35-44,not_inst,56.88325991,south,direct,0,25
25540,2019,cf,Sex Not Available,nopre,type1,p3,l1,nopc,nob/c,156500,,,,360,neg_amm,not_int,not_lpsm,298000,sb,ir,home,2U,7200,EXP,618,CIB,55-64,to_inst,52.51677852,south,direct,1,44
25541,2019,ncf,Male,nopre,type3,p3,l1,nopc,nob/c,486500,3.49,-0.1206,4870.86,360,not_neg,not_int,not_lpsm,488000,sb,pr,home,1U,5580,CIB,730,CIB,35-44,not_inst,99.69262295,North,direct,0,55
25542,2019,cf,Joint,nopre,type1,p3,l1,nopc,nob/c,346500,4.625,0.4847,1685.78,360,not_neg,not_int,not_lpsm,498000,sb,pr,home,1U,4680,CIB,652,EXP,55-64,not_inst,69.57831325,North,direct,0,44
25543,2019,cf,Joint,nopre,type1,p4,l1,nopc,nob/c,486500,3.875,-0.0547,0,360,not_neg,not_int,not_lpsm,558000,sb,pr,home,1U,7800,CRIF,723,EXP,45-54,not_inst,87.18637993,North,direct,0,36
25544,2019,cf,Sex Not Available,nopre,type1,p3,l1,nopc,nob/c,456500,4.25,0.5929,4979.25,240,neg_amm,not_int,not_lpsm,538000,sb,pr,home,1U,6780,CIB,769,CIB,55-64,to_inst,84.85130112,south,direct,0,42
25545,2019,cf,Sex Not Available,nopre,type3,p4,l1,nopc,nob/c,336500,4.125,0.3987,,360,not_neg,not_int,not_lpsm,378000,sb,pr,home,1U,,EXP,703,CIB,45-54,to_inst,89.02116402,south,direct,0,
25546,2019,cf,Sex Not Available,nopre,type1,p3,l1,nopc,nob/c,536500,3.5,0.0988,10305.45,360,not_neg,not_int,not_lpsm,738000,sb,pr,home,1U,16380,CRIF,575,EXP,55-64,to_inst,72.69647696,south,direct,0,41
25547,2019,cf,Joint,nopre,type1,p1,l1,nopc,nob/c,216500,3.875,0.4371,,360,not_neg,not_int,not_lpsm,218000,sb,pr,home,1U,3360,CIB,624,EXP,>74,not_inst,99.31192661,south,direct,0,45
25548,2019,cf,Sex Not Available,nopre,type1,p3,l1,nopc,nob/c,186500,,,,180,not_neg,not_int,lpsm,,sb,pr,home,1U,4440,EQUI,715,EXP,>74,to_inst,,south,direct,1,
25549,2019,cf,Sex Not Available,nopre,type1,p4,l1,nopc,nob/c,336500,3.99,0.0855,7567.68,360,not_neg,not_int,not_lpsm,848000,sb,pr,home,1U,7260,CIB,618,EXP,45-54,to_inst,39.68160377,south,direct,0,31
25550,2019,cf,Male,nopre,type1,p4,l1,nopc,nob/c,326500,,,,360,not_neg,not_int,lpsm,,sb,ir,home,1U,15780,EQUI,817,EXP,35-44,not_inst,,south,direct,1,
25551,2019,cf,Joint,pre,type1,p4,l1,nopc,nob/c,236500,3.99,0.3762,3612,360,not_neg,not_int,not_lpsm,328000,sb,pr,home,1U,4140,CIB,825,EXP,45-54,to_inst,72.10365854,North,direct,0,37
25552,2019,cf,Joint,nopre,type1,p4,l1,nopc,nob/c,536500,3.375,-0.367,2658.42,360,not_neg,not_int,not_lpsm,868000,sb,pr,home,1U,9660,CRIF,824,EXP,35-44,not_inst,61.80875576,south,direct,0,31
25553,2019,cf,Joint,pre,type1,p1,l1,nopc,nob/c,76500,3.625,0.1389,2468.75,360,not_neg,not_int,not_lpsm,208000,sb,pr,home,1U,2160,CIB,572,EXP,65-74,to_inst,36.77884615,North,direct,0,30
25554,2019,cf,Male,nopre,type1,p4,l1,nopc,nob/c,556500,3.625,0.0534,3000,360,not_neg,not_int,not_lpsm,628000,sb,pr,home,1U,9660,CRIF,879,CIB,35-44,not_inst,88.61464968,south,direct,0,26
25555,2019,cf,Joint,nopre,type2,p4,l1,nopc,b/c,316500,3.49,0.6782,0,360,not_neg,not_int,not_lpsm,338000,sb,pr,home,1U,,EXP,549,EXP,35-44,not_inst,93.63905325,North,direct,0,
25556,2019,cf,Sex Not Available,nopre,type1,p4,l1,nopc,nob/c,186500,3.75,0.1673,4205.71,360,not_neg,not_int,not_lpsm,238000,sb,pr,home,1U,4620,EXP,571,CIB,25-34,to_inst,78.36134454,south,direct,0,42
25557,2019,cf,Male,nopre,type1,p4,l1,nopc,nob/c,506500,3.75,0.3642,7146,360,not_neg,not_int,not_lpsm,538000,sb,pr,home,1U,7380,CRIF,708,CIB,35-44,not_inst,94.14498141,North,direct,0,47
25558,2019,cf,Female,pre,type1,p4,l1,nopc,nob/c,466500,4.25,-0.0601,8059,360,neg_amm,not_int,not_lpsm,588000,sb,pr,home,1U,6540,EXP,803,CIB,65-74,to_inst,79.33673469,south,direct,0,47
25559,2019,cf,Female,nopre,type2,p1,l1,nopc,b/c,286500,3.25,0.6558,660.62,360,not_neg,not_int,not_lpsm,298000,sb,pr,home,1U,4320,CIB,773,CIB,35-44,not_inst,96.1409396,North,direct,0,35
25560,2019,ncf,Male,nopre,type1,p4,l1,nopc,nob/c,726500,4.25,0.2084,5379.95,360,not_neg,not_int,not_lpsm,1008000,sb,ir,home,1U,18480,CIB,867,CIB,45-54,not_inst,72.0734127,North-East,direct,0,20
25561,2019,ncf,Joint,nopre,type1,p1,l1,nopc,nob/c,366500,,,,324,neg_amm,not_int,not_lpsm,,sb,pr,home,1U,4200,EQUI,680,EXP,55-64,to_inst,,central,direct,1,
25562,2019,cf,Sex Not Available,nopre,type2,p3,l1,nopc,b/c,116500,,,,180,not_neg,not_int,not_lpsm,158000,sb,pr,home,1U,1980,CRIF,880,CIB,55-64,to_inst,73.73417722,south,direct,1,52
25563,2019,cf,Male,nopre,type1,p4,l1,nopc,nob/c,246500,4.5,0.7548,3000,360,not_neg,not_int,not_lpsm,388000,sb,ir,home,1U,6180,CIB,663,CIB,>74,not_inst,63.53092784,North,direct,0,20
25564,2019,cf,Joint,nopre,type1,p3,l1,nopc,nob/c,606500,,,,360,not_neg,not_int,not_lpsm,,sb,pr,home,1U,14220,EQUI,502,EXP,45-54,to_inst,,North,direct,1,
25565,2019,cf,Sex Not Available,nopre,type1,p4,l1,nopc,nob/c,226500,3.25,-0.2132,295,360,not_neg,not_int,not_lpsm,1538000,sb,ir,home,1U,8160,CRIF,583,CIB,65-74,to_inst,14.72691808,south,direct,0,42
25566,2019,cf,Joint,nopre,type2,p1,l1,nopc,b/c,486500,2.875,0.1563,4728.5,360,not_neg,not_int,not_lpsm,498000,sb,pr,home,1U,6420,CRIF,831,EXP,25-34,not_inst,97.69076305,North,direct,0,36
25567,2019,cf,Female,nopre,type2,p4,l2,nopc,b/c,126500,3.625,0.6558,3792.82,360,not_neg,not_int,not_lpsm,138000,sb,pr,home,1U,3240,EXP,539,CIB,65-74,to_inst,91.66666667,North,direct,0,36
25568,2019,cf,Sex Not Available,pre,type1,p3,l1,nopc,nob/c,266500,3.99,0.7771,1582.5,240,not_neg,not_int,not_lpsm,508000,sb,pr,home,1U,5520,CRIF,869,CIB,55-64,to_inst,52.46062992,south,direct,0,22
25569,2019,cf,Sex Not Available,nopre,type1,p3,l1,nopc,nob/c,556500,4.99,0.6732,8087.5,360,neg_amm,not_int,not_lpsm,998000,sb,pr,home,1U,4860,CIB,583,CIB,55-64,to_inst,55.76152305,south,direct,0,48
25570,2019,cf,Male,nopre,type2,p3,l1,nopc,b/c,346500,4.75,1.3538,0,360,not_neg,not_int,not_lpsm,398000,sb,pr,home,1U,7620,CRIF,875,CIB,35-44,to_inst,87.06030151,North,direct,0,47
25571,2019,ncf,Sex Not Available,nopre,type2,p4,l1,nopc,b/c,266500,4.25,1.0648,0,360,not_neg,not_int,not_lpsm,318000,sb,pr,home,1U,,EXP,556,CIB,35-44,to_inst,83.80503145,south,direct,0,
25572,2019,cf,Female,nopre,type1,p1,l1,nopc,nob/c,106500,4.25,0.172,3900,360,not_neg,not_int,not_lpsm,178000,sb,pr,home,1U,5100,CRIF,855,EXP,>74,to_inst,59.83146067,North,direct,0,46
25573,2019,cf,Sex Not Available,nopre,type2,p3,l1,nopc,b/c,146500,,,,360,not_neg,not_int,not_lpsm,198000,sb,pr,home,1U,1620,CRIF,695,CIB,45-54,to_inst,73.98989899,south,direct,1,46
25574,2019,cf,Male,nopre,type1,p3,l1,nopc,nob/c,516500,4.125,0.1714,3820,360,not_neg,not_int,not_lpsm,878000,sb,pr,home,1U,11220,CRIF,706,CIB,55-64,to_inst,58.82687927,south,direct,0,26
25575,2019,cf,Joint,nopre,type3,p4,l1,nopc,nob/c,426500,3.125,-0.6041,0,360,not_neg,not_int,not_lpsm,478000,sb,pr,home,1U,,CIB,822,EXP,35-44,not_inst,89.22594142,North,direct,0,
25576,2019,cf,Female,nopre,type1,p3,l1,nopc,nob/c,406500,3.69,0.0072,0,360,not_neg,not_int,not_lpsm,828000,sb,pr,home,1U,19020,CRIF,617,CIB,55-64,not_inst,49.0942029,south,direct,0,9
25577,2019,cf,Female,nopre,type1,p1,l1,nopc,nob/c,156500,3.99,0.5541,3465,360,neg_amm,not_int,not_lpsm,178000,sb,sr,home,1U,8880,EXP,534,CIB,35-44,to_inst,87.92134831,North,direct,0,27
25578,2019,cf,Joint,nopre,type1,p1,l2,nopc,nob/c,226500,,,,300,neg_amm,not_int,not_lpsm,,sb,pr,home,1U,5100,EQUI,766,EXP,65-74,to_inst,,North,direct,1,
25579,2019,cf,Sex Not Available,nopre,type3,p3,l1,nopc,nob/c,296500,5.125,0.9368,0,360,not_neg,not_int,not_lpsm,318000,sb,pr,home,1U,4500,EXP,640,EXP,25-34,to_inst,93.23899371,south,direct,0,42
25580,2019,cf,Female,nopre,type1,p1,l1,nopc,nob/c,356500,4.375,0.0923,460.04,360,not_neg,not_int,not_lpsm,378000,sb,pr,home,1U,4080,CIB,647,CIB,25-34,not_inst,94.31216931,North,direct,0,47
25581,2019,cf,Sex Not Available,nopre,type1,p3,l1,nopc,nob/c,106500,3.99,0.6476,3125,360,not_neg,not_int,not_lpsm,148000,sb,pr,home,1U,3360,EXP,525,CIB,55-64,to_inst,71.95945946,south,direct,0,47
25582,2019,ncf,Male,nopre,type3,p3,l1,nopc,nob/c,566500,3.375,-0.3777,1071.48,360,not_neg,not_int,not_lpsm,648000,sb,pr,home,1U,7920,CIB,656,CIB,35-44,not_inst,87.42283951,North,direct,0,49
25583,2019,cf,Male,nopre,type2,p4,l1,nopc,b/c,396500,3.49,0.3766,,360,not_neg,not_int,not_lpsm,458000,sb,pr,home,1U,,CRIF,720,CIB,45-54,not_inst,86.5720524,North,direct,0,
25584,2019,cf,Joint,nopre,type2,p4,l1,nopc,b/c,216500,,,,240,not_neg,not_int,lpsm,258000,sb,pr,home,1U,10080,EXP,623,EXP,55-64,to_inst,83.91472868,North,direct,1,34
25585,2019,cf,Sex Not Available,nopre,type1,p4,l1,nopc,nob/c,206500,3.125,0.3664,3996.87,180,not_neg,not_int,not_lpsm,278000,sb,pr,home,1U,6180,CIB,718,EXP,35-44,to_inst,74.28057554,south,direct,0,40
25586,2019,cf,Female,nopre,type2,p3,l2,nopc,b/c,316500,3.99,0.6601,3102.5,360,not_neg,not_int,not_lpsm,368000,sb,pr,home,1U,4020,CRIF,846,CIB,45-54,to_inst,86.00543478,central,direct,0,47
25587,2019,cf,Female,nopre,type2,p3,l1,nopc,b/c,366500,3.25,0.6074,8100.29,360,not_neg,not_int,not_lpsm,438000,sb,pr,home,1U,4620,EXP,556,CIB,55-64,to_inst,83.67579909,North,direct,0,56
25588,2019,cf,Sex Not Available,nopre,type1,p4,l1,nopc,nob/c,386500,,,,360,not_neg,not_int,not_lpsm,,sb,pr,home,1U,4680,EQUI,864,EXP,35-44,to_inst,,south,direct,1,
25589,2019,cf,Male,nopre,type2,p4,l1,nopc,b/c,466500,3.125,0.3404,0,360,not_neg,not_int,not_lpsm,598000,sb,pr,home,1U,,CIB,867,CIB,45-54,not_inst,78.01003344,North,direct,0,
25590,2019,cf,Sex Not Available,nopre,type3,p1,l1,nopc,nob/c,366500,3.75,0.0852,0,360,not_neg,not_int,not_lpsm,368000,sb,pr,home,1U,8100,CRIF,659,EXP,65-74,to_inst,99.5923913,south,direct,0,37
25591,2019,cf,Male,nopre,type3,p3,l1,nopc,nob/c,266500,,,,360,not_neg,not_int,lpsm,268000,sb,pr,home,1U,2340,EXP,757,CIB,45-54,to_inst,99.44029851,North,direct,1,61
25592,2019,,Female,nopre,type1,p1,l1,nopc,nob/c,366500,4,0.2948,7118.48,360,not_neg,not_int,not_lpsm,528000,sb,pr,home,1U,9300,CIB,580,CIB,35-44,not_inst,69.41287879,North,direct,0,31
25593,2019,cf,Joint,nopre,type1,p3,l1,nopc,nob/c,156500,4.875,0.5343,2100,360,not_neg,not_int,not_lpsm,198000,sb,pr,home,1U,6780,CIB,873,EXP,25-34,to_inst,79.04040404,North,direct,0,20
25594,2019,cf,Female,nopre,type3,p3,l1,nopc,nob/c,216500,,,,360,not_neg,not_int,not_lpsm,,sb,pr,home,1U,2220,EQUI,717,EXP,45-54,to_inst,,North,direct,1,
25595,2019,cf,Joint,nopre,type2,p4,l1,nopc,b/c,346500,,,,360,not_neg,not_int,not_lpsm,478000,sb,pr,home,1U,,CRIF,845,EXP,55-64,to_inst,72.48953975,North,direct,1,
25596,2019,ncf,Sex Not Available,nopre,type1,p1,l1,nopc,nob/c,126500,4.625,,3557.92,324,neg_amm,not_int,not_lpsm,168000,sb,pr,home,3U,,EQUI,845,EXP,,NA,75.29761905,south,direct,1,
25597,2019,cf,Joint,nopre,type1,p4,l1,nopc,nob/c,626500,3.5,-0.1519,3910,360,not_neg,not_int,not_lpsm,2308000,sb,pr,home,1U,7440,CRIF,756,EXP,65-74,to_inst,27.14471404,North,direct,0,33
25598,2019,cf,Joint,nopre,type2,p3,l1,nopc,b/c,316500,4.5,0.8613,1228.54,360,not_neg,not_int,not_lpsm,368000,sb,pr,home,1U,7020,CIB,778,EXP,45-54,to_inst,86.00543478,North,direct,0,32
25599,2019,cf,Joint,pre,type1,p4,l1,nopc,nob/c,556500,4,0.2291,1787.19,360,not_neg,not_int,not_lpsm,678000,sb,pr,home,1U,7680,EXP,795,EXP,45-54,not_inst,82.07964602,North,direct,0,47
25600,2019,cf,Male,nopre,type1,p1,l1,nopc,nob/c,176500,,,,360,not_neg,not_int,not_lpsm,198000,sb,pr,home,1U,3420,CIB,744,EXP,<25,to_inst,89.14141414,North,direct,1,40
25601,2019,ncf,Sex Not Available,nopre,type1,p4,l1,nopc,nob/c,1506500,,,,360,neg_amm,not_int,not_lpsm,1948000,sb,pr,home,1U,39300,CRIF,877,CIB,65-74,to_inst,77.33572895,south,direct,1,30
25602,2019,ncf,Joint,nopre,type1,p3,l1,nopc,nob/c,266500,3.75,-0.1541,6792.09,360,not_neg,not_int,not_lpsm,378000,sb,pr,home,1U,14100,EXP,833,EXP,45-54,to_inst,70.5026455,North,direct,0,8
25603,2019,cf,Joint,nopre,type1,p4,l1,nopc,nob/c,726500,3.25,0.1674,7250,240,not_neg,not_int,not_lpsm,1258000,sb,pr,home,1U,17580,EXP,762,EXP,45-54,not_inst,57.75039746,south,direct,0,20
25604,2019,cf,Sex Not Available,nopre,type3,p3,l1,nopc,nob/c,116500,3.75,-0.0027,1431.25,360,not_neg,not_int,not_lpsm,118000,sb,pr,home,1U,5880,CRIF,599,EXP,65-74,to_inst,98.72881356,south,direct,0,26
25605,2019,cf,Male,pre,type2,p1,l1,nopc,b/c,246500,4.5,1.3375,2719.34,360,not_neg,not_int,lpsm,258000,sb,pr,home,1U,3960,CIB,728,CIB,45-54,to_inst,95.54263566,North,direct,0,40
25606,2019,cf,Female,nopre,type1,p4,l2,nopc,nob/c,456500,,,,300,neg_amm,not_int,not_lpsm,,sb,pr,home,1U,5340,EQUI,556,EXP,45-54,not_inst,,North,direct,1,
25607,2019,cf,Sex Not Available,nopre,type1,p3,l2,opc,nob/c,256500,5.25,0.082,,360,not_neg,int_only,not_lpsm,608000,sb,pr,home,1U,9000,CIB,720,EXP,35-44,to_inst,42.1875,south,direct,0,30
25608,2019,cf,Male,nopre,type3,p1,l1,nopc,nob/c,426500,3.25,-0.3485,0,360,not_neg,not_int,not_lpsm,428000,sb,pr,home,1U,6360,CIB,556,CIB,25-34,not_inst,99.64953271,central,direct,0,41
25609,2019,cf,Female,nopre,type1,p1,l1,nopc,nob/c,246500,4.25,0.0898,0,360,not_neg,not_int,not_lpsm,248000,sb,pr,home,1U,2640,CRIF,749,CIB,25-34,not_inst,99.39516129,central,direct,0,45
25610,2019,cf,Joint,nopre,type1,p1,l1,nopc,nob/c,136500,3.99,0.3694,1749.5,360,not_neg,not_int,not_lpsm,168000,sb,sr,home,1U,6360,CIB,864,EXP,55-64,to_inst,81.25,North,direct,0,27
25611,2019,cf,Sex Not Available,nopre,type2,p3,l1,nopc,b/c,86500,3.99,1.3009,1630.39,360,not_neg,not_int,not_lpsm,128000,sb,pr,home,1U,5100,CIB,724,CIB,35-44,to_inst,67.578125,south,direct,0,22
25612,2019,cf,Female,nopre,type2,p1,l1,nopc,b/c,316500,4.75,1.528,0,360,not_neg,not_int,not_lpsm,328000,sb,pr,home,1U,4380,EXP,544,CIB,45-54,to_inst,96.49390244,North,direct,0,60
25613,2019,cf,Joint,nopre,type3,p4,l1,nopc,nob/c,236500,3.49,-0.2302,1929.74,360,not_neg,not_int,not_lpsm,308000,sb,pr,home,1U,,CRIF,723,EXP,55-64,to_inst,76.78571429,south,direct,0,
25614,2019,cf,Sex Not Available,nopre,type1,p4,l1,nopc,nob/c,426500,3.875,0.347,0,360,not_neg,not_int,not_lpsm,738000,sb,pr,home,1U,12840,EXP,614,EXP,35-44,to_inst,57.79132791,south,direct,0,20
25615,2019,cf,Male,nopre,type1,p3,l1,nopc,nob/c,216500,3.99,0.6552,6931.25,360,not_neg,not_int,not_lpsm,638000,sb,pr,home,1U,2940,CRIF,778,CIB,35-44,to_inst,33.93416928,North,direct,0,30
25616,2019,cf,Female,nopre,type1,p4,l1,nopc,nob/c,116500,,,,360,not_neg,not_int,not_lpsm,148000,sb,pr,home,1U,1500,CIB,646,CIB,<25,not_inst,78.71621622,North,direct,1,49
25617,2019,cf,Male,nopre,type1,p4,l1,nopc,nob/c,416500,3.75,0.0505,3291.8,360,not_neg,not_int,not_lpsm,498000,sb,pr,home,1U,6360,EXP,710,CIB,45-54,not_inst,83.63453815,North,direct,0,39
25618,2019,ncf,Joint,nopre,type3,p4,l1,nopc,nob/c,606500,3.25,-0.2545,4542.18,360,not_neg,not_int,not_lpsm,628000,sb,pr,home,1U,,CIB,704,EXP,65-74,not_inst,96.57643312,North,direct,0,
25619,2019,ncf,Male,nopre,type1,p1,l1,nopc,nob/c,126500,,,,360,not_neg,not_int,not_lpsm,148000,sb,sr,home,1U,3180,EXP,663,CIB,35-44,to_inst,85.47297297,North,direct,1,49
25620,2019,cf,Male,nopre,type3,p4,l1,nopc,nob/c,116500,3.49,-0.2292,1557.42,360,not_neg,not_int,not_lpsm,158000,sb,pr,home,1U,,CIB,714,CIB,45-54,to_inst,73.73417722,North,direct,0,
25621,2019,ncf,Female,nopre,type1,p1,l1,nopc,nob/c,886500,,,,360,not_neg,not_int,not_lpsm,,sb,pr,home,1U,14580,EQUI,730,EXP,35-44,not_inst,,North,direct,1,
25622,2019,cf,Male,pre,type1,p4,l1,nopc,nob/c,236500,4.125,0.3338,1254.66,324,not_neg,not_int,not_lpsm,408000,sb,pr,home,1U,6600,EXP,706,CIB,25-34,to_inst,57.96568627,North,direct,0,25
25623,2019,cf,Female,nopre,type1,p1,l1,nopc,nob/c,296500,3.625,0.0176,3078.13,360,not_neg,not_int,not_lpsm,328000,sb,pr,home,1U,3180,CIB,811,CIB,25-34,to_inst,90.39634146,North,direct,0,36
25624,2019,cf,Sex Not Available,nopre,type1,p4,l1,nopc,nob/c,546500,3.99,0.2805,0,360,not_neg,not_int,not_lpsm,588000,sb,pr,home,1U,10560,CIB,698,EXP,35-44,not_inst,92.94217687,south,direct,0,39
25625,2019,cf,Female,nopre,type1,p4,l1,nopc,nob/c,296500,3.25,-0.3368,3036.69,360,not_neg,not_int,not_lpsm,418000,sb,pr,home,1U,5880,CRIF,558,CIB,45-54,to_inst,70.93301435,central,direct,0,28
25626,2019,cf,Joint,nopre,type1,p4,l1,nopc,nob/c,576500,3.625,-0.058,0,360,not_neg,not_int,not_lpsm,998000,sb,pr,home,1U,16200,CRIF,636,EXP,55-64,not_inst,57.76553106,North,direct,0,18
25627,2019,cf,Male,nopre,type2,p1,l1,nopc,b/c,96500,,,,360,not_neg,not_int,not_lpsm,,sb,pr,home,1U,5100,EQUI,604,EXP,45-54,to_inst,,North,direct,1,
25628,2019,cf,Female,nopre,type1,p4,l1,nopc,nob/c,606500,4.75,0.2872,0,360,neg_amm,not_int,not_lpsm,768000,sb,pr,home,1U,9360,EXP,894,CIB,45-54,not_inst,78.97135417,south,direct,0,45
25629,2019,cf,Male,nopre,type2,p1,l1,nopc,b/c,66500,3.49,0.9312,,360,not_neg,not_int,not_lpsm,348000,sb,pr,home,1U,1140,CRIF,618,CIB,65-74,to_inst,19.1091954,North-East,direct,0,47
25630,2019,cf,Joint,nopre,type1,p3,l1,nopc,nob/c,216500,3.875,0.325,4926.52,360,not_neg,not_int,not_lpsm,388000,sb,pr,home,1U,4800,EXP,736,EXP,45-54,to_inst,55.79896907,North,direct,0,31
25631,2019,cf,Joint,nopre,type1,p4,l1,nopc,nob/c,476500,3.99,0.2429,1078.89,360,not_neg,not_int,not_lpsm,858000,sb,pr,home,1U,6900,CRIF,541,EXP,45-54,not_inst,55.53613054,North,direct,0,49
25632,2019,cf,Male,nopre,type3,p3,l1,nopc,nob/c,166500,,,,360,not_neg,not_int,not_lpsm,198000,sb,pr,home,1U,1740,CIB,607,CIB,65-74,to_inst,84.09090909,North,direct,1,45
25633,2019,cf,Female,nopre,type2,p4,l1,nopc,b/c,316500,,,,360,not_neg,int_only,not_lpsm,,sb,pr,home,1U,0,EQUI,617,EXP,35-44,not_inst,,North,direct,1,
25634,2019,cf,Joint,nopre,type2,p4,l1,nopc,b/c,546500,3.625,0.5843,0,360,not_neg,not_int,not_lpsm,568000,sb,pr,home,1U,,CRIF,724,EXP,25-34,not_inst,96.21478873,North,direct,0,
25635,2019,cf,Joint,nopre,type2,p1,l1,nopc,b/c,496500,3.75,1.2674,3585.91,360,not_neg,not_int,not_lpsm,508000,sb,pr,home,1U,13200,CIB,865,EXP,25-34,not_inst,97.73622047,North,direct,0,34
25636,2019,ncf,Joint,pre,type2,p3,l1,nopc,b/c,326500,,,,360,not_neg,not_int,not_lpsm,378000,sb,pr,home,1U,8580,EXP,664,EXP,35-44,to_inst,86.37566138,North,direct,1,38
25637,2019,cf,Sex Not Available,nopre,type1,p4,l2,nopc,nob/c,346500,4.625,0.2448,0,360,not_neg,not_int,not_lpsm,498000,sb,pr,home,1U,6120,CRIF,675,EXP,65-74,to_inst,69.57831325,south,direct,0,24
25638,2019,cf,Sex Not Available,nopre,type1,p1,l1,nopc,nob/c,226500,,,,360,not_neg,not_int,not_lpsm,,sb,pr,home,1U,5400,EQUI,583,EXP,35-44,to_inst,,south,direct,1,
25639,2019,cf,Male,nopre,type1,p3,l1,nopc,nob/c,726500,,,,240,not_neg,not_int,not_lpsm,908000,sb,pr,home,1U,8760,CIB,733,EXP,45-54,to_inst,80.01101322,North,direct,1,44
25640,2019,cf,Male,pre,type3,p3,l1,nopc,nob/c,306500,,,,360,not_neg,not_int,not_lpsm,,sb,pr,home,1U,3480,EQUI,527,EXP,65-74,to_inst,,North,direct,1,
25641,2019,cf,Sex Not Available,pre,type1,p3,l1,nopc,nob/c,436500,3.75,0.1492,12435.2,360,not_neg,not_int,not_lpsm,878000,sb,pr,home,1U,6300,CRIF,613,CIB,55-64,to_inst,49.71526196,south,direct,0,34
25642,2019,cf,Sex Not Available,pre,type1,p3,l1,nopc,nob/c,326500,2.99,0.3201,11037.5,180,not_neg,not_int,not_lpsm,518000,sb,pr,home,1U,7980,EXP,649,EXP,35-44,to_inst,63.03088803,south,direct,0,24
25643,2019,cf,Sex Not Available,,type1,p4,l1,nopc,nob/c,156500,4.25,0.38,3747.8,360,not_neg,not_int,not_lpsm,458000,sb,pr,home,1U,8400,CRIF,615,EXP,>74,to_inst,34.17030568,south,direct,0,37
25644,2019,cf,Female,nopre,type2,p4,l1,nopc,b/c,436500,3.25,0.5462,0,360,not_neg,not_int,not_lpsm,458000,sb,pr,home,1U,,EXP,646,CIB,25-34,not_inst,95.30567686,central,direct,0,
25645,2019,cf,Joint,nopre,type2,p4,l1,nopc,b/c,316500,2.875,-0.1542,4706.73,360,not_neg,not_int,not_lpsm,368000,sb,pr,home,1U,,EXP,607,EXP,55-64,not_inst,86.00543478,North,direct,0,
25646,2019,cf,Male,nopre,type2,p1,l1,nopc,b/c,256500,,,,360,neg_amm,not_int,not_lpsm,,sb,pr,home,1U,4440,EQUI,539,EXP,55-64,to_inst,,North,direct,1,
25647,2019,cf,Joint,nopre,type1,p1,l1,nopc,nob/c,556500,,,,360,not_neg,not_int,not_lpsm,588000,sb,pr,home,1U,11820,EXP,545,EXP,25-34,to_inst,94.64285714,south,direct,1,35
25648,2019,cf,Female,nopre,type1,p2,l2,nopc,nob/c,86500,,,,300,neg_amm,not_int,not_lpsm,118000,sb,ir,home,1U,2280,EXP,848,CIB,55-64,to_inst,73.30508475,North,direct,1,43
25649,2019,cf,Male,nopre,type2,p1,l1,nopc,b/c,286500,3.25,0.6173,0,360,not_neg,not_int,not_lpsm,298000,sb,pr,home,1U,3240,CIB,786,CIB,25-34,not_inst,96.1409396,North,direct,0,53
25650,2019,cf,Sex Not Available,pre,type1,p3,l1,nopc,nob/c,196500,3.875,0.2299,2202,360,not_neg,not_int,not_lpsm,248000,sb,pr,home,1U,3240,CRIF,560,CIB,35-44,to_inst,79.23387097,south,direct,0,30
25651,2019,cf,Male,nopre,type1,p1,l1,nopc,nob/c,376500,3.625,0.0995,5806.43,360,not_neg,not_int,not_lpsm,398000,sb,pr,home,1U,3900,CRIF,771,CIB,45-54,not_inst,94.59798995,North,direct,0,45
25652,2019,cf,Joint,nopre,type1,p3,l1,nopc,nob/c,406500,,,,360,not_neg,not_int,not_lpsm,,sb,pr,home,1U,11760,EQUI,699,EXP,45-54,not_inst,,south,direct,1,
25653,2019,cf,Joint,nopre,type1,p3,l1,nopc,nob/c,726500,4.25,0.692,10372.34,360,not_neg,not_int,not_lpsm,1128000,sb,pr,home,1U,6300,CRIF,505,EXP,65-74,to_inst,64.40602837,North,direct,0,45
25654,2019,cf,Female,nopre,type1,p3,l1,nopc,nob/c,336500,3.99,0.1151,5437.5,360,not_neg,not_int,not_lpsm,948000,sb,pr,home,1U,3000,EXP,786,CIB,>74,to_inst,35.49578059,North,direct,0,44
25655,2019,cf,Female,nopre,type1,p4,l1,nopc,nob/c,456500,4.99,1.3552,0,360,neg_amm,int_only,not_lpsm,658000,sb,ir,home,1U,49920,CIB,626,CIB,35-44,not_inst,69.3768997,south,direct,0,40
25656,2019,cf,Male,nopre,type1,p3,l1,nopc,nob/c,156500,4.99,1.1194,4596.88,360,not_neg,not_int,not_lpsm,218000,sb,ir,home,1U,12480,CIB,569,CIB,45-54,to_inst,71.78899083,North,direct,0,31
25657,2019,cf,Joint,nopre,type1,p3,l1,nopc,nob/c,296500,3.625,0.073,2036.5,360,not_neg,not_int,not_lpsm,448000,sb,pr,home,1U,6600,CIB,787,EXP,65-74,not_inst,66.18303571,North,direct,0,20
25658,2019,cf,Female,nopre,type1,p3,l1,nopc,nob/c,416500,4.75,0.7581,4771.47,360,not_neg,not_int,not_lpsm,598000,sb,pr,home,1U,4980,EXP,801,CIB,45-54,to_inst,69.64882943,North,direct,0,41
25659,2019,cf,Female,nopre,type1,p4,l1,nopc,nob/c,316500,4.5,0.768,1086.46,360,not_neg,not_int,not_lpsm,498000,sb,ir,home,1U,7620,CRIF,743,CIB,55-64,not_inst,63.55421687,North-East,direct,0,48
25660,2019,cf,Female,nopre,type1,p3,l1,nopc,nob/c,356500,,,,360,not_neg,not_int,not_lpsm,,sb,pr,home,1U,7020,EQUI,574,EXP,55-64,not_inst,,North,direct,1,
25661,2019,cf,Sex Not Available,nopre,type1,p4,l1,nopc,nob/c,606500,4.5,0.7995,3515.53,360,not_neg,not_int,not_lpsm,888000,sb,pr,home,1U,11460,CIB,641,EXP,55-64,to_inst,68.29954955,south,direct,0,37
25662,2019,cf,Sex Not Available,nopre,type1,p3,l1,nopc,nob/c,326500,5.125,1.4909,2500,360,not_neg,not_int,not_lpsm,458000,sb,pr,home,1U,5460,EXP,784,CIB,45-54,not_inst,71.28820961,North,direct,0,31
25663,2019,cf,Sex Not Available,nopre,type2,p3,l1,nopc,b/c,166500,3.99,1.0618,2222.02,360,not_neg,not_int,not_lpsm,248000,sb,pr,home,1U,3600,EXP,785,CIB,35-44,to_inst,67.13709677,south,direct,0,37
25664,2019,cf,Joint,nopre,type1,p3,l1,nopc,nob/c,276500,3.375,0.1574,358.78,180,not_neg,not_int,not_lpsm,508000,sb,pr,home,1U,8160,CRIF,858,EXP,45-54,not_inst,54.42913386,south,direct,0,26
25665,2019,cf,Sex Not Available,nopre,type1,p3,l1,nopc,nob/c,116500,5.375,1.2165,2627.2,360,not_neg,not_int,not_lpsm,208000,sb,ir,home,1U,5100,EXP,617,CIB,55-64,to_inst,56.00961538,south,direct,0,46
25666,2019,cf,Joint,pre,type1,p1,l1,nopc,nob/c,216500,3.75,0.272,6380,360,not_neg,not_int,not_lpsm,278000,sb,pr,home,1U,4620,CIB,673,EXP,25-34,to_inst,77.87769784,central,direct,0,32
25667,2019,cf,Sex Not Available,nopre,type2,p3,l1,nopc,b/c,316500,4.5,1.4069,0,360,not_neg,not_int,not_lpsm,368000,sb,pr,home,1U,4200,CIB,682,CIB,35-44,to_inst,86.00543478,North,direct,0,51
25668,2019,cf,Female,nopre,type1,p3,l1,nopc,nob/c,386500,,,,240,not_neg,not_int,not_lpsm,,sb,pr,home,1U,4440,EQUI,597,EXP,65-74,to_inst,,North,direct,1,
25669,2019,cf,Joint,nopre,type1,p4,l1,nopc,nob/c,346500,,,,360,neg_amm,not_int,not_lpsm,,sb,pr,home,1U,8220,EQUI,834,EXP,45-54,not_inst,,central,direct,1,
25670,2019,cf,Sex Not Available,nopre,type1,p1,l1,nopc,nob/c,246500,3.99,0.9649,6095,360,not_neg,not_int,not_lpsm,258000,sb,pr,home,1U,3900,CIB,630,CIB,45-54,to_inst,95.54263566,south,direct,0,41
25671,2019,cf,Female,nopre,type1,p4,l1,nopc,nob/c,406500,3.625,0.232,6869.63,288,not_neg,not_int,not_lpsm,598000,sb,pr,home,1U,6420,CRIF,884,CIB,35-44,to_inst,67.97658863,south,direct,0,48
25672,2019,cf,Female,nopre,type1,p4,l1,nopc,nob/c,146500,,,,360,not_neg,not_int,not_lpsm,208000,sb,pr,home,1U,3000,EXP,876,CIB,35-44,to_inst,70.43269231,North,direct,1,44
25673,2019,cf,Female,nopre,type1,p4,l1,nopc,nob/c,206500,4.25,0.0715,3987.13,360,neg_amm,not_int,not_lpsm,268000,sb,pr,home,1U,4140,EXP,665,CIB,65-74,to_inst,77.05223881,North,direct,0,45
25674,2019,cf,Joint,nopre,type1,p1,l1,nopc,nob/c,116500,,,,360,not_neg,not_int,not_lpsm,,sb,pr,home,1U,2280,EQUI,628,EXP,>74,to_inst,,North,direct,1,
25675,2019,cf,Male,nopre,type1,p1,l1,nopc,nob/c,376500,,,,360,not_neg,not_int,not_lpsm,,sb,pr,home,1U,6540,EQUI,873,EXP,55-64,to_inst,,North,direct,1,
25676,2019,cf,Sex Not Available,nopre,type1,p3,l1,nopc,nob/c,216500,4.375,0.2543,7225,360,not_neg,not_int,not_lpsm,278000,sb,pr,home,1U,3180,CIB,860,EXP,>74,to_inst,77.87769784,south,direct,0,31
25677,2019,cf,Sex Not Available,nopre,type1,p3,l1,nopc,nob/c,256500,4.75,0.3518,995.67,360,not_neg,not_int,not_lpsm,318000,sb,pr,home,1U,9060,EXP,745,EXP,35-44,not_inst,80.66037736,south,direct,0,24
25678,2019,cf,Sex Not Available,pre,type1,p1,l1,nopc,nob/c,636500,3.99,0.2684,0,360,not_neg,not_int,not_lpsm,668000,sb,pr,home,1U,7500,CRIF,501,EXP,45-54,to_inst,95.28443114,south,direct,0,38
25679,2019,cf,Joint,nopre,type3,p3,l1,nopc,nob/c,316500,3.125,-0.477,460.87,360,not_neg,not_int,not_lpsm,348000,sb,pr,home,1U,5400,EXP,582,EXP,>74,not_inst,90.94827586,North,direct,0,32
25680,2019,cf,Joint,nopre,type1,p4,l1,nopc,nob/c,346500,3.75,0.4254,7696.25,360,not_neg,not_int,not_lpsm,458000,sb,pr,home,1U,10620,CIB,716,EXP,35-44,to_inst,75.65502183,south,direct,0,30
25681,2019,cf,Sex Not Available,nopre,type1,p3,l1,nopc,nob/c,156500,,,,180,not_neg,not_int,not_lpsm,238000,sb,pr,home,1U,1440,CRIF,884,CIB,55-64,to_inst,65.75630252,south,direct,1,41
25682,2019,cf,Sex Not Available,nopre,type1,p3,l1,nopc,nob/c,106500,3.99,1.1785,3560,108,not_neg,int_only,not_lpsm,218000,sb,pr,home,1U,4500,CIB,715,EXP,>74,to_inst,48.85321101,south,direct,0,39
25683,2019,cf,Male,pre,type2,p1,l1,nopc,b/c,186500,4.5,0.7381,1345,360,not_neg,not_int,not_lpsm,208000,sb,pr,home,1U,4800,EXP,832,CIB,55-64,to_inst,89.66346154,south,direct,0,40
25684,2019,ncf,Sex Not Available,nopre,type1,p3,l1,nopc,nob/c,316500,3.99,-0.1666,179.04,360,not_neg,not_int,not_lpsm,548000,sb,pr,home,1U,3420,EXP,818,CIB,65-74,to_inst,57.75547445,south,direct,0,44
25685,2019,cf,Sex Not Available,nopre,type1,p1,l1,nopc,nob/c,166500,4.875,1.3206,3553,360,not_neg,not_int,not_lpsm,178000,sb,pr,home,1U,6660,CRIF,550,EXP,25-34,to_inst,93.53932584,south,direct,0,41
25686,2019,cf,Male,nopre,type1,p1,l1,nopc,nob/c,116500,,,,360,not_neg,not_int,not_lpsm,,sb,pr,home,1U,1140,EQUI,513,EXP,45-54,to_inst,,North,direct,1,
25687,2019,cf,Male,pre,type1,p3,l1,nopc,nob/c,156500,3.99,0.3613,3265,360,not_neg,not_int,not_lpsm,1338000,sb,pr,home,1U,2760,EXP,809,CIB,>74,to_inst,11.69656203,North,direct,0,47
25688,2019,cf,Female,nopre,type1,p3,l1,nopc,nob/c,296500,4.375,0.9356,4866.2,360,not_neg,not_int,not_lpsm,448000,sb,pr,home,1U,4260,EXP,871,CIB,55-64,to_inst,66.18303571,central,direct,0,49
25689,2019,cf,Male,nopre,type2,p3,l1,nopc,b/c,106500,4.99,1.4675,1456.17,360,not_neg,not_int,not_lpsm,128000,sb,pr,home,1U,4920,EXP,607,CIB,55-64,to_inst,83.203125,North,direct,0,30
25690,2019,cf,Male,nopre,type1,p3,l1,nopc,nob/c,486500,,,,360,not_neg,not_int,not_lpsm,668000,sb,pr,home,1U,4740,CRIF,797,CIB,35-44,not_inst,72.82934132,North,direct,1,41
25691,2019,cf,Joint,nopre,type1,p1,l1,nopc,nob/c,426500,,,,360,not_neg,not_int,not_lpsm,438000,sb,pr,home,1U,5340,CIB,581,EXP,35-44,not_inst,97.37442922,North,direct,1,59
25692,2019,cf,Male,nopre,type1,p3,l1,nopc,nob/c,146500,4.75,0.2589,3831.25,360,not_neg,not_int,not_lpsm,298000,sb,pr,home,1U,2580,CRIF,528,CIB,>74,to_inst,49.16107383,North,direct,0,36
25693,2019,cf,Sex Not Available,pre,type1,p4,l1,nopc,nob/c,506500,4.25,-0.0685,4000,360,not_neg,not_int,not_lpsm,538000,sb,pr,home,1U,9060,CIB,803,EXP,35-44,not_inst,94.14498141,south,direct,0,36
25694,2019,cf,Sex Not Available,pre,type3,p1,l1,nopc,nob/c,296500,4.375,-0.189,2900,360,not_neg,not_int,not_lpsm,298000,sb,pr,home,1U,7020,EXP,534,CIB,35-44,to_inst,99.4966443,south,direct,0,40
25695,2019,cf,Joint,nopre,type1,p4,l1,nopc,nob/c,346500,,,,360,not_neg,not_int,not_lpsm,398000,sb,pr,home,1U,3780,EXP,732,EXP,55-64,to_inst,87.06030151,central,direct,1,51
25696,2019,cf,Sex Not Available,nopre,type1,p4,l1,nopc,nob/c,236500,3.625,-0.0501,757.9,180,not_neg,not_int,not_lpsm,308000,sb,pr,home,1U,7320,CRIF,544,EXP,25-34,not_inst,76.78571429,south,direct,0,30
25697,2019,cf,Joint,pre,type1,p4,l1,nopc,nob/c,276500,3.875,0.2525,4852.75,360,not_neg,not_int,not_lpsm,378000,sb,pr,home,1U,7080,CIB,639,EXP,45-54,not_inst,73.14814815,North,direct,0,44
25698,2019,cf,Male,pre,type2,p3,l1,nopc,b/c,336500,,,,360,not_neg,not_int,not_lpsm,398000,sb,pr,home,1U,2640,EXP,590,CIB,35-44,to_inst,84.54773869,south,direct,1,18
25699,2019,cf,Joint,nopre,type1,p3,l1,nopc,nob/c,346500,4.5,0.5387,4229.08,360,not_neg,not_int,not_lpsm,468000,sb,pr,home,1U,6360,EXP,693,EXP,25-34,to_inst,74.03846154,south,direct,0,46
25700,2019,cf,Joint,nopre,type1,p4,l1,nopc,nob/c,126500,3.99,0.5585,2818.75,360,not_neg,not_int,not_lpsm,218000,sb,pr,home,1U,3060,CIB,727,EXP,45-54,to_inst,58.02752294,North,direct,0,40
25701,2019,ncf,Sex Not Available,nopre,type1,p3,l1,nopc,nob/c,816500,4.375,0.2828,13430,360,not_neg,not_int,not_lpsm,1028000,sb,pr,home,1U,12420,EXP,876,CIB,45-54,to_inst,79.42607004,south,direct,0,41
25702,2019,cf,Male,nopre,type1,p1,l1,nopc,nob/c,666500,4.375,1.1129,,360,not_neg,not_int,not_lpsm,698000,sb,pr,home,1U,9120,CRIF,881,EXP,35-44,not_inst,95.48710602,North,direct,0,43
25703,2019,cf,Joint,nopre,type1,p4,l1,nopc,nob/c,426500,3.5,-0.032,2073.52,360,not_neg,not_int,not_lpsm,578000,sb,ir,home,1U,10200,CRIF,694,EXP,45-54,not_inst,73.78892734,North,direct,0,31
25704,2019,cf,Joint,nopre,type2,p4,l1,nopc,b/c,596500,3.625,0.8443,0,360,not_neg,not_int,not_lpsm,608000,sb,pr,home,1U,,CIB,844,EXP,25-34,not_inst,98.10855263,North,direct,0,
25705,2019,cf,Sex Not Available,nopre,type1,p3,l1,nopc,nob/c,286500,3.99,0.3873,5638,360,not_neg,int_only,not_lpsm,418000,sb,pr,home,1U,8100,EXP,509,EXP,55-64,to_inst,68.54066986,south,direct,0,28
25706,2019,cf,Female,nopre,type1,p4,l2,nopc,nob/c,646500,4.18,0.0534,0,360,not_neg,not_int,not_lpsm,1258000,sb,pr,home,2U,8640,CRIF,765,CIB,55-64,not_inst,51.39109698,south,direct,0,38
25707,2019,cf,Male,nopre,type3,p3,l1,nopc,nob/c,236500,3.99,0.3915,,360,not_neg,not_int,not_lpsm,288000,sb,pr,home,1U,3960,CIB,529,EXP,45-54,to_inst,82.11805556,North,direct,0,42
25708,2019,cf,Joint,nopre,type1,p3,l1,nopc,nob/c,256500,,,,360,not_neg,not_int,not_lpsm,328000,sb,pr,home,1U,3120,EXP,782,EXP,45-54,to_inst,78.20121951,central,direct,1,51
25709,2019,cf,Female,nopre,type1,p3,l1,nopc,nob/c,236500,,,,360,not_neg,not_int,not_lpsm,398000,sb,pr,home,1U,2220,EXP,780,CIB,55-64,to_inst,59.42211055,North-East,direct,1,37
25710,2019,cf,Joint,pre,type1,p4,l1,nopc,nob/c,486500,3.625,-0.2497,194.56,360,not_neg,not_int,not_lpsm,658000,sb,pr,home,1U,5040,CRIF,890,EXP,25-34,not_inst,73.93617021,North,direct,0,46
25711,2019,cf,Sex Not Available,nopre,type1,p4,l1,nopc,nob/c,486500,,,,324,neg_amm,int_only,not_lpsm,,sb,pr,home,1U,6720,EQUI,867,EXP,35-44,to_inst,,south,direct,1,
25712,2019,ncf,Sex Not Available,nopre,type1,p3,l1,nopc,nob/c,416500,4.375,0.5083,6437.5,360,not_neg,not_int,not_lpsm,558000,sb,sr,home,1U,10140,CIB,646,EXP,55-64,to_inst,74.64157706,south,direct,0,47
25713,2019,cf,Joint,nopre,type1,p4,l1,nopc,nob/c,616500,3.75,0.2338,4597.5,360,not_neg,not_int,not_lpsm,688000,sb,pr,home,1U,9180,CIB,541,EXP,35-44,not_inst,89.60755814,south,direct,0,45
25714,2019,cf,Joint,nopre,type1,p4,l1,nopc,nob/c,186500,3.75,0.8243,3202.46,180,not_neg,not_int,not_lpsm,338000,sb,pr,home,1U,3900,EXP,821,EXP,55-64,to_inst,55.17751479,North,direct,0,37
25715,2019,cf,Male,nopre,type1,p4,l1,nopc,nob/c,516500,4.75,0.445,0,360,not_neg,not_int,not_lpsm,698000,sb,ir,home,1U,15360,CRIF,732,CIB,45-54,not_inst,73.99713467,south,direct,0,44
25716,2019,ncf,Joint,pre,type2,p4,l1,nopc,b/c,656500,3.99,1.0016,0,360,not_neg,not_int,not_lpsm,688000,sb,pr,home,1U,,EXP,568,EXP,35-44,not_inst,95.42151163,North,direct,0,
25717,2019,cf,Joint,nopre,type1,p3,l1,nopc,nob/c,306500,3.75,-0.2,4850,360,not_neg,not_int,not_lpsm,528000,sb,pr,home,1U,6060,CRIF,849,EXP,45-54,not_inst,58.04924242,North,direct,0,47
25718,2019,cf,Sex Not Available,pre,type1,p1,l1,nopc,nob/c,646500,4.125,-0.1564,0,360,not_neg,not_int,not_lpsm,1228000,sb,pr,home,1U,13200,CIB,875,EXP,45-54,to_inst,52.6465798,south,direct,0,37
25719,2019,cf,Sex Not Available,pre,type1,p1,l1,nopc,nob/c,146500,,,,360,not_neg,not_int,not_lpsm,,sb,pr,home,1U,4680,EQUI,780,EXP,35-44,to_inst,,south,direct,1,
25720,2019,cf,Male,nopre,type1,p4,l1,nopc,nob/c,146500,,,,360,not_neg,not_int,not_lpsm,298000,sb,pr,home,1U,4020,CIB,858,CIB,35-44,not_inst,49.16107383,North,direct,1,45
25721,2019,cf,Sex Not Available,nopre,type2,p1,l1,nopc,b/c,236500,,,,360,neg_amm,not_int,not_lpsm,,sb,pr,home,1U,2460,EQUI,577,EXP,35-44,to_inst,,south,direct,1,
25722,2019,cf,Sex Not Available,nopre,type1,p3,l1,nopc,nob/c,256500,4.56,0.0859,4669.89,360,not_neg,not_int,not_lpsm,328000,sb,pr,home,1U,9180,CRIF,787,EXP,45-54,to_inst,78.20121951,south,direct,0,29
25723,2019,cf,Male,pre,type1,p3,l1,nopc,nob/c,446500,,,,360,not_neg,not_int,not_lpsm,508000,sb,pr,home,1U,7980,CIB,828,CIB,45-54,to_inst,87.89370079,North,direct,1,45
25724,2019,cf,Female,nopre,type3,p3,l1,nopc,nob/c,276500,4.125,0.0687,4173.65,360,not_neg,not_int,not_lpsm,558000,sb,pr,home,1U,2460,CIB,561,CIB,>74,to_inst,49.55197133,North,direct,0,52
25725,2019,cf,Female,pre,type1,p1,l1,nopc,nob/c,256500,3.625,0.0135,1635,360,not_neg,not_int,not_lpsm,288000,sb,pr,home,1U,2700,CIB,633,CIB,45-54,not_inst,89.0625,North,direct,0,49
25726,2019,cf,Joint,pre,type1,p4,l1,nopc,nob/c,486500,3.625,-0.25,0,360,not_neg,not_int,not_lpsm,938000,sb,pr,home,1U,22260,CIB,771,EXP,45-54,not_inst,51.86567164,North,direct,0,5
25727,2019,cf,Sex Not Available,nopre,type3,p4,l1,nopc,nob/c,406500,3.625,-0.0683,0,360,not_neg,not_int,not_lpsm,458000,sb,pr,home,1U,,CRIF,843,EXP,25-34,to_inst,88.75545852,south,direct,0,
25728,2019,cf,Female,pre,type1,p4,l1,nopc,nob/c,116500,3.875,0.4882,3206.06,180,not_neg,not_int,not_lpsm,418000,sb,sr,home,1U,12360,CIB,866,CIB,55-64,to_inst,27.8708134,North,direct,0,21
25729,2019,cf,Male,nopre,type1,p4,l1,nopc,nob/c,86500,3.875,1.4426,2931.87,180,not_neg,not_int,not_lpsm,128000,sb,pr,home,1U,3780,CIB,688,CIB,55-64,to_inst,67.578125,North,direct,0,44
25730,2019,cf,Sex Not Available,nopre,type1,p4,l1,nopc,nob/c,276500,,,,312,not_neg,not_int,not_lpsm,378000,sb,sr,home,1U,10380,CRIF,598,EXP,45-54,to_inst,73.14814815,south,direct,1,19
25731,2019,cf,Sex Not Available,nopre,type1,p4,l1,nopc,nob/c,276500,4,0.1464,0,360,neg_amm,not_int,not_lpsm,338000,sb,pr,home,1U,9780,CRIF,627,EXP,25-34,not_inst,81.80473373,south,direct,0,45
25732,2019,cf,Sex Not Available,nopre,type1,p4,l1,nopc,nob/c,376500,,,,360,neg_amm,not_int,not_lpsm,1068000,sb,pr,home,1U,6000,CIB,686,CIB,65-74,to_inst,35.25280899,south,direct,1,36
25733,2019,cf,Sex Not Available,pre,type1,p3,l1,nopc,nob/c,196500,3.99,0.4387,6695,360,not_neg,not_int,not_lpsm,298000,sb,pr,home,1U,5880,CIB,856,CIB,55-64,to_inst,65.93959732,south,direct,0,26
25734,2019,cf,Female,nopre,type1,p3,l1,nopc,nob/c,246500,4.375,0.048,1080.37,360,not_neg,not_int,not_lpsm,388000,sb,pr,home,1U,5160,CIB,563,CIB,55-64,not_inst,63.53092784,North,direct,0,32
25735,2019,,Sex Not Available,nopre,type1,p3,l1,nopc,nob/c,146500,,,,300,not_neg,not_int,not_lpsm,208000,sb,pr,home,1U,5340,CRIF,691,CIB,35-44,to_inst,70.43269231,south,direct,1,20
25736,2019,cf,Sex Not Available,pre,type1,p4,l1,nopc,nob/c,326500,3.65,-0.2096,,360,not_neg,not_int,not_lpsm,718000,sb,pr,home,1U,10920,CIB,899,CIB,25-34,to_inst,45.4735376,south,direct,0,12
25737,2019,cf,Sex Not Available,nopre,type1,p4,l1,nopc,nob/c,176500,4.125,0.6034,3940.31,324,not_neg,not_int,not_lpsm,208000,sb,pr,home,1U,2700,CIB,706,EXP,35-44,to_inst,84.85576923,south,direct,0,41
25738,2019,cf,Male,pre,type3,p3,l1,nopc,nob/c,146500,,,,180,not_neg,not_int,not_lpsm,148000,sb,pr,home,1U,2220,EXP,669,CIB,55-64,to_inst,98.98648649,North,direct,1,59
25739,2019,cf,Joint,nopre,type3,p1,l1,nopc,nob/c,376500,2.75,-0.6949,16593.75,360,not_neg,not_int,not_lpsm,458000,sb,pr,home,1U,6480,CIB,743,EXP,65-74,to_inst,82.20524017,North,direct,0,50
25740,2019,cf,Female,nopre,type1,p3,l1,nopc,nob/c,576500,5.75,1.3282,2163.66,360,neg_amm,not_int,not_lpsm,738000,sb,pr,home,1U,9780,CRIF,843,CIB,55-64,to_inst,78.11653117,North,direct,0,33
25741,2019,cf,Male,nopre,type1,p3,l1,nopc,nob/c,236500,4.75,0.609,4700,360,not_neg,not_int,not_lpsm,308000,sb,pr,home,1U,7020,CIB,803,EXP,45-54,to_inst,76.78571429,south,direct,0,20
25742,2019,cf,Joint,pre,type2,p4,l1,nopc,b/c,306500,,,,360,not_neg,not_int,not_lpsm,,sb,pr,home,1U,0,EQUI,697,EXP,>74,to_inst,,North,direct,1,
25743,2019,cf,Joint,pre,type1,p4,l1,nopc,nob/c,576500,4.25,-0.1782,0,360,not_neg,not_int,not_lpsm,828000,sb,pr,home,1U,6900,EXP,609,EXP,55-64,not_inst,69.62560386,North,direct,0,44
25744,2019,cf,Female,nopre,type1,p3,l1,nopc,nob/c,576500,4.5,0.2927,6104.9,360,not_neg,not_int,not_lpsm,768000,sb,pr,home,1U,5220,EXP,713,CIB,55-64,not_inst,75.06510417,North,direct,0,49
25745,2019,cf,Female,nopre,type1,p4,l1,nopc,nob/c,346500,3.25,-0.5052,0,276,not_neg,not_int,not_lpsm,1008000,sb,pr,home,1U,,CRIF,632,CIB,55-64,to_inst,34.375,North,direct,0,21
25746,2019,cf,Male,pre,type1,p1,l1,nopc,nob/c,446500,4.99,0.5055,0,360,neg_amm,not_int,not_lpsm,1088000,sb,ir,home,1U,9240,EXP,869,CIB,55-64,not_inst,41.03860294,south,direct,0,43
25747,2019,cf,Sex Not Available,nopre,type1,p3,l1,nopc,nob/c,286500,4.125,0.0023,5831.95,360,not_neg,not_int,not_lpsm,438000,sb,pr,home,1U,10020,CIB,865,CIB,35-44,to_inst,65.4109589,south,direct,0,25
25748,2019,cf,Female,nopre,type1,p3,l1,nopc,nob/c,266500,3.375,-0.1506,1134.02,360,not_neg,not_int,not_lpsm,358000,sb,pr,home,1U,3120,EXP,846,CIB,25-34,not_inst,74.44134078,North,direct,0,57
25749,2019,cf,Joint,nopre,type1,p4,l1,nopc,nob/c,436500,4.18,0.1529,2590.4,360,not_neg,not_int,not_lpsm,578000,sb,pr,home,1U,6960,EXP,632,EXP,35-44,not_inst,75.51903114,North,direct,0,46
25750,2019,cf,Sex Not Available,nopre,type1,p4,l1,nopc,nob/c,86500,,,,360,not_neg,not_int,not_lpsm,138000,sb,ir,home,1U,6960,CIB,852,EXP,25-34,to_inst,62.68115942,south,direct,1,49
25751,2019,cf,Male,pre,type2,p3,l1,nopc,b/c,296500,,,,360,not_neg,not_int,not_lpsm,338000,sb,pr,home,1U,3360,EXP,539,CIB,25-34,not_inst,87.72189349,North,direct,1,26
25752,2019,cf,Male,nopre,type1,p1,l2,nopc,nob/c,536500,4.5,0.3267,6259.65,360,not_neg,not_int,not_lpsm,718000,sb,ir,home,1U,14880,EXP,752,CIB,25-34,not_inst,74.72144847,North,direct,0,48
25753,2019,cf,Male,nopre,type1,p1,l1,nopc,nob/c,116500,3.99,0.5528,2594,360,not_neg,not_int,not_lpsm,148000,sb,pr,home,1U,3060,CRIF,829,CIB,25-34,to_inst,78.71621622,North,direct,0,31
25754,2019,cf,Female,nopre,type1,p3,l1,nopc,nob/c,336500,,,,360,neg_amm,not_int,not_lpsm,,sb,pr,home,1U,3600,EQUI,899,EXP,55-64,to_inst,,North,direct,1,
25755,2019,cf,Male,pre,type1,p4,l1,nopc,nob/c,226500,4,0.3188,1583.1,360,not_neg,not_int,not_lpsm,278000,sb,pr,home,1U,5640,CRIF,544,CIB,25-34,not_inst,81.47482014,south,direct,0,29
25756,2019,cf,Female,nopre,type2,p3,l1,nopc,b/c,166500,,,,360,neg_amm,not_int,not_lpsm,188000,sb,pr,home,1U,4320,CRIF,898,EXP,65-74,to_inst,88.56382979,south,direct,1,36
25757,2019,cf,Sex Not Available,nopre,type1,p4,l1,nopc,nob/c,266500,3.99,0.4623,1250,360,not_neg,not_int,not_lpsm,338000,sb,pr,home,1U,4320,EXP,826,CIB,65-74,to_inst,78.84615385,south,direct,0,36
25758,2019,cf,Joint,nopre,type1,p3,l1,nopc,nob/c,186500,,,,360,not_neg,not_int,not_lpsm,208000,sb,pr,home,1U,4980,EXP,893,EXP,35-44,to_inst,89.66346154,North,direct,1,36
25759,2019,cf,Sex Not Available,nopre,type1,p3,l1,nopc,nob/c,226500,3.75,0.2305,6720,360,not_neg,not_int,not_lpsm,308000,sb,pr,home,1U,6060,EXP,764,EXP,55-64,to_inst,73.53896104,south,direct,0,44
25760,2019,cf,Male,nopre,type2,p3,l1,nopc,b/c,156500,,,,180,not_neg,not_int,not_lpsm,308000,sb,pr,home,1U,4140,CIB,827,CIB,65-74,to_inst,50.81168831,North,direct,1,42
25761,2019,cf,Sex Not Available,nopre,type3,p4,l1,nopc,nob/c,196500,,,,360,not_neg,not_int,not_lpsm,,sb,pr,home,1U,2520,EQUI,716,EXP,65-74,to_inst,,south,direct,1,
25762,2019,cf,Sex Not Available,,type1,p1,l1,nopc,nob/c,86500,4.99,1.2197,614.44,360,not_neg,not_int,not_lpsm,98000,sb,pr,home,1U,2520,CIB,827,CIB,65-74,to_inst,88.26530612,south,direct,0,39
25763,2019,cf,Male,nopre,type1,p3,l1,nopc,nob/c,106500,5.375,1.0471,2949.88,360,not_neg,not_int,not_lpsm,138000,sb,pr,home,1U,2040,CIB,753,CIB,55-64,to_inst,77.17391304,North,direct,0,42
25764,2019,cf,Male,pre,type2,p3,l1,nopc,b/c,196500,4.625,1.7267,,360,not_neg,not_int,not_lpsm,228000,sb,pr,home,1U,3840,CRIF,662,CIB,45-54,to_inst,86.18421053,North,direct,0,57
25765,2019,,Joint,nopre,type2,p4,l1,nopc,b/c,386500,3.625,0.8443,0,360,not_neg,not_int,not_lpsm,408000,sb,pr,home,1U,,EXP,896,EXP,25-34,to_inst,94.73039216,North,direct,0,
25766,2019,cf,Female,pre,type1,p1,l1,nopc,nob/c,106500,,,,360,neg_amm,not_int,not_lpsm,128000,sb,pr,home,1U,1920,CRIF,627,CIB,<25,not_inst,83.203125,North,direct,1,51
25767,2019,cf,Joint,nopre,type1,p4,l1,nopc,nob/c,636500,,,,360,not_neg,not_int,not_lpsm,,sb,pr,home,1U,6960,EQUI,885,EXP,45-54,to_inst,,south,direct,1,
25768,2019,cf,Sex Not Available,nopre,type1,p3,l1,nopc,nob/c,216500,4.99,0.5179,2471.85,360,not_neg,not_int,not_lpsm,358000,sb,pr,home,1U,3300,CIB,769,CIB,55-64,to_inst,60.47486034,south,direct,0,46
25769,2019,,Male,nopre,type1,p3,l1,nopc,nob/c,116500,4.75,1.2991,2590,180,not_neg,not_int,not_lpsm,148000,sb,pr,home,1U,5700,EXP,703,CIB,45-54,to_inst,78.71621622,North,direct,0,21
25770,2019,cf,Male,nopre,type3,p3,l1,nopc,nob/c,386500,3.375,-0.3455,141.7,360,not_neg,not_int,not_lpsm,588000,sb,pr,home,1U,7740,CRIF,621,CIB,55-64,not_inst,65.73129252,south,direct,0,36
25771,2019,cf,Sex Not Available,nopre,type1,p3,l1,nopc,nob/c,76500,,,,360,neg_amm,not_int,not_lpsm,128000,sb,pr,home,1U,1440,CIB,630,CIB,65-74,to_inst,59.765625,south,direct,1,36
25772,2019,cf,Joint,nopre,type2,p3,l1,nopc,b/c,376500,3.125,0.1344,0,360,not_neg,not_int,not_lpsm,468000,sb,pr,home,1U,7680,EXP,599,EXP,45-54,not_inst,80.44871795,North,direct,0,35
25773,2019,cf,Joint,nopre,type1,p3,l1,nopc,nob/c,316500,4.375,0.336,1225,360,not_neg,not_int,not_lpsm,728000,sb,pr,home,1U,4620,CRIF,575,EXP,>74,to_inst,43.47527473,North,direct,0,39
25774,2019,cf,Sex Not Available,nopre,type3,p4,l1,nopc,nob/c,296500,3.625,-0.0503,0,360,not_neg,not_int,not_lpsm,358000,sb,pr,home,1U,,EXP,892,CIB,25-34,to_inst,82.82122905,south,direct,0,
25775,2019,cf,Male,nopre,type1,p4,l1,nopc,nob/c,606500,4.25,-0.0313,7254.1,360,not_neg,not_int,not_lpsm,768000,sb,pr,home,1U,8400,CRIF,734,CIB,55-64,not_inst,78.97135417,North,direct,0,39
25776,2019,cf,Female,nopre,type1,p4,l1,nopc,nob/c,306500,3.5,-0.0833,0,360,not_neg,not_int,not_lpsm,938000,sb,pr,home,1U,4320,CIB,716,CIB,45-54,not_inst,32.67590618,south,direct,0,41
25777,2019,cf,Joint,nopre,type1,p4,l1,nopc,nob/c,596500,3.5,0.3192,3259.44,240,not_neg,not_int,not_lpsm,1168000,sb,pr,home,1U,13440,EXP,538,EXP,45-54,not_inst,51.07020548,North,direct,0,34
25778,2019,cf,Joint,nopre,type1,p4,l1,nopc,nob/c,296500,3.75,0.1583,3066.96,360,not_neg,not_int,not_lpsm,428000,sb,pr,home,1U,5280,CRIF,890,EXP,35-44,to_inst,69.27570093,North,direct,0,48
25779,2019,cf,Sex Not Available,nopre,type2,p4,l1,nopc,b/c,236500,3.99,0.9576,,360,not_neg,not_int,not_lpsm,278000,sb,pr,home,1U,,EXP,709,CIB,45-54,to_inst,85.07194245,south,direct,0,
25780,2019,,Joint,nopre,type1,p4,l1,nopc,nob/c,456500,4.5,0.081,1295,360,not_neg,not_int,not_lpsm,508000,sb,pr,home,1U,10260,EXP,863,EXP,25-34,not_inst,89.86220472,central,direct,0,47
25781,2019,cf,Male,pre,type1,p3,l1,nopc,nob/c,286500,,,,360,not_neg,not_int,not_lpsm,338000,sb,pr,home,1U,6240,CIB,822,CIB,35-44,to_inst,84.76331361,North,direct,1,44
25782,2019,cf,Joint,pre,type3,p4,l1,nopc,nob/c,486500,3.25,-0.4491,2292.46,360,not_neg,not_int,not_lpsm,528000,sb,pr,home,1U,,CRIF,697,EXP,35-44,not_inst,92.14015152,central,direct,0,
25783,2019,cf,Female,nopre,type2,p1,l1,nopc,b/c,146500,,,,360,not_neg,not_int,not_lpsm,278000,sb,pr,home,1U,3840,EXP,822,CIB,35-44,to_inst,52.69784173,south,direct,1,49
25784,2019,cf,Male,nopre,type1,p3,l1,nopc,nob/c,96500,4.625,1.3913,3022,360,not_neg,not_int,not_lpsm,118000,sb,pr,home,1U,1980,CIB,741,CIB,>74,to_inst,81.77966102,south,direct,0,44
25785,2019,cf,Joint,nopre,type2,p4,l1,nopc,b/c,356500,3.5,0.7193,0,360,not_neg,not_int,not_lpsm,378000,sb,pr,home,1U,,EXP,504,EXP,25-34,to_inst,94.31216931,North,direct,0,
25786,2019,cf,Sex Not Available,pre,type1,p1,l1,nopc,nob/c,536500,3.775,-0.2105,795,360,neg_amm,not_int,not_lpsm,668000,sb,pr,home,1U,11340,CIB,611,CIB,35-44,to_inst,80.31437126,south,direct,0,29
25787,2019,cf,Sex Not Available,pre,type1,p4,l1,nopc,nob/c,346500,3.375,-0.4198,1134.37,360,not_neg,not_int,not_lpsm,418000,sb,pr,home,1U,3540,CIB,560,CIB,25-34,not_inst,82.89473684,North,direct,0,45
25788,2019,cf,Joint,pre,type1,p3,l1,nopc,nob/c,466500,4.375,0.6699,,360,not_neg,not_int,not_lpsm,678000,sb,pr,home,1U,6960,CIB,706,EXP,25-34,not_inst,68.80530973,south,direct,0,48
25789,2019,cf,Male,nopre,type1,p4,l1,nopc,nob/c,396500,3.875,0.3719,0,360,neg_amm,not_int,not_lpsm,418000,sb,pr,home,1U,4860,EXP,616,CIB,25-34,not_inst,94.85645933,North,direct,0,45
25790,2019,cf,Sex Not Available,nopre,type1,p3,l1,nopc,nob/c,316500,4.99,1.4914,3218.75,360,not_neg,not_int,not_lpsm,428000,sb,pr,home,1U,5040,CIB,660,CIB,45-54,to_inst,73.94859813,south,direct,0,40
25791,2019,cf,Sex Not Available,nopre,type1,p1,l1,nopc,nob/c,116500,4.375,0.2374,3025,324,neg_amm,not_int,not_lpsm,518000,sb,pr,home,1U,3360,EXP,664,EXP,45-54,to_inst,22.49034749,south,direct,0,31
25792,2019,cf,Joint,nopre,type1,p3,l1,nopc,nob/c,426500,3.625,-0.1096,978,360,not_neg,not_int,not_lpsm,618000,sb,pr,home,1U,10920,EXP,617,EXP,35-44,not_inst,69.01294498,North,direct,0,28
25793,2019,cf,Joint,nopre,type1,p3,l1,nopc,nob/c,186500,3.75,0.2353,5835,360,not_neg,not_int,not_lpsm,328000,sb,pr,home,1U,5040,EXP,511,EXP,35-44,to_inst,56.8597561,North,direct,0,33
25794,2019,cf,Female,pre,type1,p4,l1,nopc,nob/c,166500,,,,180,not_neg,not_int,not_lpsm,188000,sb,pr,home,1U,4380,EXP,785,CIB,55-64,to_inst,88.56382979,North,direct,1,36
25795,2019,cf,Female,pre,type1,p4,l1,nopc,nob/c,156500,,,,360,not_neg,not_int,not_lpsm,238000,sb,ir,home,1U,3840,EXP,537,CIB,35-44,not_inst,65.75630252,North,direct,1,35
25796,2019,cf,Sex Not Available,nopre,type1,p3,l1,nopc,nob/c,416500,3.99,0.4702,7928.75,348,not_neg,not_int,not_lpsm,698000,sb,pr,home,1U,5040,CIB,731,CIB,45-54,to_inst,59.67048711,south,direct,0,42
25797,2019,cf,Female,nopre,type1,p3,l1,nopc,nob/c,366500,3.625,0.2086,6265.95,360,not_neg,not_int,not_lpsm,558000,sb,pr,home,1U,4380,CRIF,634,CIB,65-74,not_inst,65.68100358,North,direct,0,41
25798,2019,cf,Joint,nopre,type1,p4,l1,nopc,nob/c,186500,,,,360,not_neg,not_int,not_lpsm,228000,sb,pr,home,1U,1560,CRIF,646,EXP,55-64,to_inst,81.79824561,south,direct,1,34
25799,2019,cf,Male,pre,type1,p4,l1,nopc,nob/c,186500,4.75,1.1522,3720,240,not_neg,not_int,not_lpsm,378000,sb,ir,home,1U,7680,CRIF,676,CIB,35-44,not_inst,49.33862434,south,direct,0,44
25800,2019,cf,Joint,nopre,type1,p4,l1,nopc,nob/c,206500,,,,240,not_neg,not_int,not_lpsm,278000,sb,pr,home,1U,7740,EXP,588,EXP,35-44,to_inst,74.28057554,North,direct,1,39
25801,2019,cf,Joint,nopre,type1,p1,l1,nopc,nob/c,256500,4.625,0.821,4394.53,360,neg_amm,not_int,not_lpsm,268000,sb,pr,home,1U,3960,CRIF,802,EXP,<25,not_inst,95.70895522,North,direct,0,46
25802,2019,cf,Female,nopre,type2,p3,l1,nopc,b/c,176500,4.125,0.5336,1411.87,360,not_neg,not_int,not_lpsm,258000,sb,pr,home,1U,2460,CRIF,811,CIB,55-64,not_inst,68.41085271,south,direct,0,39
25803,2019,cf,Female,nopre,type1,p4,l1,nopc,nob/c,226500,3.5,0.0028,2647.61,360,not_neg,not_int,not_lpsm,458000,sb,pr,home,1U,3360,EXP,651,CIB,65-74,not_inst,49.45414847,south,direct,0,43
25804,2019,cf,Female,nopre,type2,p1,l1,nopc,b/c,256500,3.99,1.3836,3725.18,360,not_neg,not_int,not_lpsm,258000,sb,pr,home,1U,7800,CIB,579,CIB,45-54,to_inst,99.41860465,North,direct,0,58
25805,2019,cf,Joint,nopre,type1,p3,l1,nopc,nob/c,316500,,,,360,not_neg,not_int,not_lpsm,,sb,pr,home,1U,8940,EQUI,872,EXP,45-54,not_inst,,south,direct,1,
25806,2019,cf,Female,nopre,type1,p4,l1,nopc,nob/c,496500,,,,360,not_neg,not_int,not_lpsm,,sb,pr,home,1U,5340,EQUI,779,EXP,35-44,not_inst,,North,direct,1,
25807,2019,cf,Joint,nopre,type1,p3,l1,nopc,nob/c,396500,3.99,0.3836,10512.5,360,not_neg,not_int,not_lpsm,538000,sb,pr,home,1U,11640,CIB,568,EXP,45-54,to_inst,73.69888476,North,direct,0,12
25808,2019,cf,Joint,nopre,type1,p4,l1,nopc,nob/c,416500,3.875,0.1029,250,360,not_neg,not_int,not_lpsm,568000,sb,pr,home,1U,11520,CIB,539,EXP,45-54,to_inst,73.32746479,North,direct,0,17
25809,2019,ncf,Male,pre,type1,p3,l1,nopc,nob/c,306500,4.125,0.1033,2750,360,not_neg,not_int,not_lpsm,588000,sb,pr,home,1U,3120,CRIF,710,EXP,>74,to_inst,52.12585034,North,direct,0,54
25810,2019,cf,Sex Not Available,nopre,type1,p3,l1,nopc,nob/c,436500,4.56,0.4192,3410,360,not_neg,not_int,not_lpsm,548000,sb,pr,home,1U,5040,CRIF,764,CIB,55-64,to_inst,79.65328467,south,direct,0,47
25811,2019,cf,Female,nopre,type1,p1,l1,nopc,nob/c,306500,,,,360,neg_amm,not_int,not_lpsm,388000,sb,pr,home,1U,,CIB,680,CIB,25-34,to_inst,78.99484536,south,direct,1,44
25812,2019,cf,Joint,nopre,type1,p4,l1,nopc,nob/c,666500,3.75,-0.55,0,360,not_neg,not_int,not_lpsm,1468000,sb,pr,home,1U,8520,CRIF,871,EXP,35-44,not_inst,45.40190736,south,direct,0,43
25813,2019,cf,Female,nopre,type1,p1,l1,nopc,nob/c,686500,3.875,0.293,0,360,not_neg,not_int,not_lpsm,768000,sb,pr,home,1U,9360,CRIF,806,CIB,35-44,not_inst,89.38802083,south,direct,0,42
25814,2019,cf,Female,pre,type1,p4,l1,nopc,nob/c,476500,,,,360,not_neg,not_int,not_lpsm,498000,sb,pr,home,1U,7800,CIB,900,CIB,65-74,to_inst,95.68273092,North,direct,1,47
25815,2019,cf,Male,nopre,type1,p4,l1,nopc,nob/c,486500,3.625,0.0236,360.12,360,neg_amm,not_int,not_lpsm,708000,sb,pr,home,1U,7380,CIB,857,CIB,45-54,not_inst,68.71468927,North,direct,0,44
25816,2019,ncf,Joint,nopre,type1,p4,l1,nopc,nob/c,456500,3.5,0.0466,7136.49,240,not_neg,not_int,not_lpsm,1158000,sb,pr,home,1U,14880,CRIF,887,EXP,55-64,not_inst,39.42141623,south,direct,0,16
25817,2019,cf,Joint,pre,type1,p1,l1,nopc,nob/c,336500,3.5,-0.1496,8572.68,360,not_neg,not_int,not_lpsm,458000,sb,pr,home,1U,11160,CRIF,772,EXP,55-64,to_inst,73.47161572,North,direct,0,28
25818,2019,ncf,Sex Not Available,pre,type2,p3,l1,nopc,b/c,96500,4.375,1.5493,1936.8,360,not_neg,not_int,not_lpsm,128000,sb,pr,home,1U,1680,EXP,502,CIB,65-74,to_inst,75.390625,south,direct,0,58
25819,2019,,Male,nopre,type1,p4,l1,nopc,nob/c,226500,4.625,0.323,3764.72,360,not_neg,not_int,not_lpsm,278000,sb,pr,home,1U,3300,CRIF,618,EXP,>74,to_inst,81.47482014,central,direct,0,48
25820,2019,cf,Joint,nopre,type1,p3,l1,nopc,nob/c,396500,5.19,1.0246,8815.36,360,not_neg,not_int,not_lpsm,628000,sb,ir,home,2U,12960,CRIF,512,EXP,45-54,not_inst,63.13694268,south,direct,0,43
25821,2019,cf,Male,nopre,type2,p1,l1,nopc,b/c,406500,3.125,0.3281,0,360,not_neg,not_int,not_lpsm,418000,sb,pr,home,1U,5280,CIB,806,CIB,25-34,not_inst,97.24880383,North,direct,0,44
25822,2019,cf,Female,nopre,type1,p3,l1,nopc,nob/c,246500,3.625,0.1222,7918.75,360,not_neg,not_int,not_lpsm,558000,sb,pr,home,1U,2760,CIB,534,CIB,>74,to_inst,44.17562724,North,direct,0,49
25823,2019,cf,Male,nopre,type1,p3,l1,nopc,nob/c,166500,3.125,-0.2724,5485,360,not_neg,not_int,not_lpsm,248000,sb,pr,home,1U,3240,EXP,705,CIB,35-44,to_inst,67.13709677,North,direct,0,35
25824,2019,cf,Joint,nopre,type1,p4,l1,nopc,nob/c,236500,3.875,0.3339,3495,180,neg_amm,not_int,not_lpsm,328000,sb,pr,home,1U,8100,CIB,620,EXP,45-54,to_inst,72.10365854,North,direct,0,31
25825,2019,cf,Joint,pre,type1,p1,l1,nopc,nob/c,726500,4,0.2961,0,360,not_neg,not_int,not_lpsm,828000,sb,pr,home,1U,13800,CIB,634,EXP,35-44,not_inst,87.74154589,North,direct,0,30
25826,2019,cf,Sex Not Available,,type1,p1,l1,nopc,nob/c,286500,4.56,0.5148,8500,360,not_neg,not_int,not_lpsm,358000,sb,pr,home,1U,8040,CIB,890,EXP,55-64,to_inst,80.02793296,south,direct,0,47
25827,2019,cf,Female,nopre,type1,p3,l1,nopc,nob/c,166500,3.875,0.4852,5073.75,360,not_neg,not_int,not_lpsm,378000,sb,pr,home,1U,4380,CRIF,899,CIB,35-44,to_inst,44.04761905,North,direct,0,26
25828,2019,cf,Male,nopre,type2,p4,l2,nopc,b/c,416500,,,,300,neg_amm,not_int,not_lpsm,458000,sb,pr,home,1U,11340,CIB,635,EXP,55-64,to_inst,90.93886463,North,direct,1,55
25829,2019,cf,Female,nopre,type1,p4,l1,nopc,nob/c,556500,3.75,0.0059,0,360,not_neg,not_int,not_lpsm,638000,sb,pr,home,1U,5400,CIB,689,CIB,55-64,not_inst,87.22570533,North,direct,0,43
25830,2019,cf,Joint,nopre,type1,p4,l1,nopc,nob/c,686500,3.875,0.1272,1385.04,360,not_neg,not_int,not_lpsm,838000,sb,pr,home,1U,16560,EXP,622,EXP,35-44,not_inst,81.92124105,North,direct,0,32
25831,2019,cf,Joint,nopre,type3,p3,l2,nopc,nob/c,196500,3.99,0.338,5756.4,360,not_neg,not_int,not_lpsm,218000,sb,pr,home,1U,3900,CRIF,758,EXP,65-74,to_inst,90.13761468,central,direct,0,38
25832,2019,cf,Sex Not Available,nopre,type2,p4,l1,nopc,b/c,306500,4.125,1.4687,0,360,not_neg,not_int,not_lpsm,408000,sb,pr,home,1U,,EXP,774,CIB,45-54,to_inst,75.12254902,south,direct,0,
25833,2019,cf,Sex Not Available,nopre,type1,p4,l1,nopc,nob/c,296500,3.875,-0.151,0,300,not_neg,not_int,not_lpsm,738000,sb,pr,home,1U,4740,EXP,685,EXP,45-54,not_inst,40.17615176,south,direct,0,43
25834,2019,cf,Male,nopre,type1,p4,l1,nopc,nob/c,66500,4.99,1.0898,2522.5,360,not_neg,not_int,not_lpsm,228000,sb,pr,home,1U,3480,CRIF,808,EXP,65-74,to_inst,29.16666667,North,direct,0,27
25835,2019,cf,Joint,pre,type1,p4,l1,nopc,nob/c,676500,3.99,0.2672,2624.6,360,not_neg,not_int,not_lpsm,898000,sb,pr,home,1U,10020,EXP,877,EXP,25-34,not_inst,75.33407572,south,direct,0,25
25836,2019,ncf,Female,nopre,type3,p3,l1,nopc,nob/c,526500,3.625,-0.4542,1544.4,360,not_neg,not_int,not_lpsm,608000,sb,pr,home,1U,3600,EXP,731,CIB,55-64,not_inst,86.59539474,North,direct,0,58
25837,2019,cf,Joint,nopre,type1,p3,l1,nopc,nob/c,416500,4.25,0.4322,1250,360,not_neg,not_int,not_lpsm,528000,sb,pr,home,1U,8520,CIB,877,EXP,45-54,to_inst,78.88257576,North,direct,0,29
25838,2019,cf,Joint,pre,type2,p3,l1,nopc,b/c,376500,3.25,0.0916,1600.38,360,not_neg,not_int,not_lpsm,438000,sb,pr,home,1U,5760,CIB,801,EXP,35-44,to_inst,85.95890411,south,direct,0,61
25839,2019,cf,Sex Not Available,nopre,type1,p3,l1,nopc,nob/c,256500,,,,360,not_neg,not_int,not_lpsm,338000,sb,ir,home,1U,0,CRIF,780,CIB,45-54,to_inst,75.88757396,south,direct,1,11
25840,2019,,Joint,nopre,type1,p3,l1,nopc,nob/c,296500,3.75,0.5145,5675,96,not_neg,not_int,not_lpsm,428000,sb,pr,home,1U,14100,CRIF,805,EXP,>74,to_inst,69.27570093,south,direct,0,22
25841,2019,cf,Male,nopre,type2,p4,l1,nopc,b/c,216500,3.75,0.6423,0,360,not_neg,not_int,not_lpsm,318000,sb,pr,home,1U,,CIB,871,CIB,45-54,to_inst,68.08176101,North,direct,0,
25842,2019,cf,Sex Not Available,nopre,type3,p3,l1,nopc,nob/c,166500,3.25,0.4218,4222.65,180,not_neg,not_int,not_lpsm,348000,sb,pr,home,1U,6000,CRIF,570,EXP,>74,to_inst,47.84482759,south,direct,0,30
25843,2019,cf,Sex Not Available,nopre,type2,p3,l1,nopc,b/c,326500,3.75,1.563,2614,240,not_neg,not_int,not_lpsm,398000,sb,pr,home,1U,7500,CRIF,775,CIB,65-74,to_inst,82.03517588,south,direct,0,45
25844,2019,cf,Male,nopre,type3,p1,l2,nopc,nob/c,96500,3.99,0.3481,2768.18,360,not_neg,not_int,not_lpsm,118000,sb,pr,home,1U,2220,CRIF,626,CIB,<25,to_inst,81.77966102,North,direct,0,43
25845,2019,cf,Sex Not Available,nopre,type1,p3,l1,nopc,nob/c,446500,,,,360,not_neg,not_int,not_lpsm,618000,sb,pr,home,1U,3300,CRIF,520,CIB,35-44,to_inst,72.24919094,south,direct,1,28
25846,2019,cf,Sex Not Available,nopre,type1,p3,l2,nopc,nob/c,126500,4.99,0.8619,2961.25,360,not_neg,not_int,not_lpsm,178000,sb,pr,home,1U,2400,EXP,702,CIB,25-34,to_inst,71.06741573,south,direct,0,39
25847,2019,cf,Female,nopre,type1,p4,l1,nopc,nob/c,456500,4.75,-0.053,384.17,360,not_neg,not_int,not_lpsm,768000,sb,pr,home,1U,3840,EXP,767,CIB,65-74,not_inst,59.44010417,central,direct,0,49
25848,2019,cf,Male,nopre,type2,p3,l1,nopc,b/c,146500,4.25,1.2718,1070,180,not_neg,not_int,not_lpsm,188000,sb,pr,home,1U,5760,EXP,900,CIB,45-54,to_inst,77.92553191,North,direct,0,53
25849,2019,cf,Male,nopre,type1,p4,l1,nopc,nob/c,346500,3.5,0.0002,1605.37,360,not_neg,int_only,not_lpsm,398000,sb,pr,home,1U,5880,CIB,611,CIB,35-44,not_inst,87.06030151,North,direct,0,42
25850,2019,cf,Joint,nopre,type1,p3,l1,nopc,nob/c,296500,4.75,0.3793,,360,not_neg,not_int,not_lpsm,378000,sb,pr,home,1U,7020,CRIF,721,EXP,45-54,to_inst,78.43915344,central,direct,0,21
25851,2019,,Male,nopre,type1,p3,l1,nopc,nob/c,306500,4.375,0.6339,84,360,not_neg,not_int,not_lpsm,468000,sb,pr,home,1U,6840,EXP,574,CIB,35-44,not_inst,65.49145299,North,direct,0,34
25852,2019,cf,Sex Not Available,nopre,type1,p3,l1,nopc,nob/c,246500,4.75,1.111,4250,360,not_neg,not_int,not_lpsm,308000,sb,pr,home,1U,6300,EXP,900,CIB,65-74,to_inst,80.03246753,south,direct,0,40
25853,2019,cf,Joint,nopre,type1,p4,l2,nopc,nob/c,546500,3.5,-0.0441,,180,not_neg,not_int,not_lpsm,918000,sb,pr,home,1U,18720,CIB,727,EXP,35-44,not_inst,59.53159041,North,direct,0,19
25854,2019,cf,Sex Not Available,nopre,type3,p4,l1,nopc,nob/c,156500,3.75,-0.0066,3.61,360,not_neg,not_int,not_lpsm,208000,sb,pr,home,1U,,EXP,585,CIB,45-54,to_inst,75.24038462,south,direct,0,
25855,2019,ncf,Joint,nopre,type1,p1,l1,nopc,nob/c,216500,3.99,0.0513,6332.73,360,not_neg,not_int,not_lpsm,258000,sb,sr,home,1U,9600,CIB,605,EXP,55-64,to_inst,83.91472868,North,direct,0,21
25856,2019,cf,Sex Not Available,pre,type1,p1,l1,nopc,nob/c,406500,4.125,0.1502,10489,360,not_neg,not_int,not_lpsm,428000,sb,pr,home,1U,9600,CIB,607,CIB,35-44,to_inst,94.97663551,south,direct,0,47
25857,2019,cf,Male,nopre,type1,p1,l1,nopc,nob/c,126500,4.99,1.0936,2019.67,360,not_neg,int_only,not_lpsm,138000,sb,pr,home,1U,6360,EXP,872,CIB,55-64,to_inst,91.66666667,North,direct,0,22
25858,2019,cf,Sex Not Available,nopre,type1,p3,l1,nopc,nob/c,626500,,,,360,not_neg,not_int,lpsm,708000,sb,pr,home,1U,14820,CRIF,802,EXP,55-64,to_inst,88.48870056,south,direct,1,37
25859,2019,cf,Sex Not Available,nopre,type1,p3,l1,nopc,nob/c,346500,4.25,0.5971,1678.75,360,not_neg,not_int,not_lpsm,588000,sb,pr,home,1U,3960,CRIF,609,CIB,55-64,to_inst,58.92857143,south,direct,0,46
25860,2019,cf,Male,nopre,type1,p3,l1,nopc,nob/c,276500,,,,360,not_neg,not_int,not_lpsm,,sb,pr,home,1U,11640,EQUI,603,EXP,35-44,not_inst,,North,direct,1,
25861,2019,cf,Male,pre,type1,p3,l1,nopc,nob/c,266500,4.5,1.2019,7484.38,360,not_neg,not_int,not_lpsm,338000,sb,pr,home,1U,4620,CIB,686,CIB,55-64,to_inst,78.84615385,North,direct,0,42
25862,2019,cf,Male,nopre,type1,p4,l1,nopc,nob/c,426500,,,,360,not_neg,not_int,lpsm,548000,sb,pr,home,1U,8220,EXP,513,EXP,65-74,to_inst,77.82846715,south,direct,1,48
25863,2019,cf,Female,nopre,type1,p3,l1,nopc,nob/c,136500,4.99,0.4484,1063.91,360,not_neg,not_int,not_lpsm,258000,sb,pr,home,1U,2820,CRIF,662,CIB,55-64,to_inst,52.90697674,North,direct,0,30
25864,2019,cf,Sex Not Available,nopre,type1,p4,l1,nopc,nob/c,236500,3.625,0.1387,2800,360,not_neg,not_int,not_lpsm,318000,sb,pr,home,1U,4740,CRIF,830,CIB,25-34,not_inst,74.37106918,south,direct,0,48
25865,2019,cf,Male,nopre,type1,p4,l1,nopc,nob/c,226500,3.75,0.4791,3777.88,144,not_neg,not_int,not_lpsm,328000,sb,pr,home,1U,7080,EXP,781,CIB,55-64,to_inst,69.05487805,North,direct,0,32
25866,2019,cf,Sex Not Available,nopre,type3,p4,l1,nopc,nob/c,146500,,,,360,neg_amm,not_int,not_lpsm,,sb,pr,home,1U,3540,EQUI,700,EXP,65-74,to_inst,,south,direct,1,
25867,2019,cf,Male,nopre,type1,p1,l1,nopc,nob/c,326500,4.125,0.4562,512.6,360,not_neg,not_int,not_lpsm,408000,sb,pr,home,1U,7320,CRIF,800,EXP,25-34,not_inst,80.0245098,south,direct,0,26
25868,2019,cf,Male,nopre,type1,p1,l1,nopc,nob/c,516500,3.75,0.344,3294.2,360,not_neg,not_int,not_lpsm,568000,sb,pr,home,1U,5700,EXP,688,CIB,25-34,not_inst,90.93309859,North,direct,0,59
25869,2019,cf,Male,nopre,type2,p3,l1,nopc,b/c,126500,3.75,1.895,3178.02,240,not_neg,not_int,not_lpsm,148000,sb,pr,home,1U,4020,CRIF,675,CIB,25-34,to_inst,85.47297297,North,direct,0,27
25870,2019,cf,Female,pre,type1,p1,l1,nopc,nob/c,106500,4.56,1.0714,936,360,not_neg,not_int,not_lpsm,158000,sb,pr,home,1U,2160,EXP,609,CIB,45-54,not_inst,67.40506329,central,direct,0,36
25871,2019,cf,Female,nopre,type1,p3,l1,nopc,nob/c,226500,3.5,0.3218,0,180,not_neg,not_int,not_lpsm,738000,sb,pr,home,1U,6540,EXP,653,CIB,45-54,not_inst,30.69105691,North,direct,0,36
25872,2019,cf,Joint,nopre,type1,p4,l1,nopc,nob/c,466500,3.56,-0.0436,7005,360,not_neg,not_int,not_lpsm,598000,sb,pr,home,1U,6180,CRIF,552,EXP,45-54,not_inst,78.01003344,North,direct,0,42
25873,2019,cf,Joint,nopre,type2,p3,l1,nopc,b/c,496500,3.625,0.6945,146.41,360,not_neg,not_int,not_lpsm,648000,sb,pr,home,1U,5520,CRIF,520,EXP,35-44,not_inst,76.62037037,North,direct,0,53
25874,2019,cf,Male,nopre,type3,p3,l1,nopc,nob/c,96500,4.75,0.9364,1308.29,360,not_neg,not_int,not_lpsm,108000,sb,pr,home,1U,2340,CRIF,865,CIB,55-64,to_inst,89.35185185,North,direct,0,32
25875,2019,cf,Joint,nopre,type2,p1,l1,nopc,b/c,396500,4.25,1.5589,1538.76,360,not_neg,not_int,not_lpsm,408000,sb,pr,home,1U,5520,EXP,528,EXP,45-54,not_inst,97.18137255,North,direct,0,37
25876,2019,cf,Male,pre,type1,p3,l1,nopc,nob/c,136500,,,,180,not_neg,not_int,not_lpsm,,sb,pr,home,1U,2160,EQUI,894,EXP,45-54,not_inst,,North,direct,1,
25877,2019,cf,Joint,nopre,type2,p1,l1,nopc,b/c,326500,4.25,1.0848,0,360,not_neg,not_int,not_lpsm,338000,sb,pr,home,1U,6540,CIB,818,EXP,25-34,not_inst,96.59763314,North,direct,0,42
25878,2019,cf,Female,nopre,type1,p3,l1,nopc,nob/c,326500,3.75,-0.0267,13507.2,360,not_neg,not_int,not_lpsm,628000,sb,ir,home,1U,3300,CRIF,875,CIB,45-54,not_inst,51.99044586,North,direct,0,49
25879,2019,ncf,Joint,pre,type1,p4,l1,nopc,nob/c,236500,3.99,0.3906,5204.03,360,not_neg,not_int,not_lpsm,428000,sb,pr,home,1U,5880,EXP,614,EXP,35-44,to_inst,55.25700935,North,direct,0,47
25880,2019,cf,Female,nopre,type1,p3,l1,nopc,nob/c,326500,,,,360,not_neg,not_int,not_lpsm,378000,sb,pr,home,1U,13380,CRIF,653,EXP,25-34,to_inst,86.37566138,North,direct,1,42
25881,2019,cf,Sex Not Available,nopre,type1,p3,l1,nopc,nob/c,286500,3.99,0.6935,9200,360,not_neg,not_int,not_lpsm,368000,sb,pr,home,1U,5400,CIB,734,CIB,45-54,to_inst,77.85326087,south,direct,0,38
25882,2019,cf,Joint,nopre,type1,p3,l1,nopc,nob/c,626500,4.125,0.3731,1019.6,360,not_neg,not_int,not_lpsm,958000,sb,pr,home,1U,6600,CRIF,602,EXP,45-54,not_inst,65.39665971,North,direct,0,44
25883,2019,cf,Sex Not Available,pre,type3,p4,l1,nopc,nob/c,396500,3.75,-0.0072,0,360,not_neg,not_int,not_lpsm,408000,sb,pr,home,1U,,CRIF,714,EXP,25-34,not_inst,97.18137255,south,direct,0,
25884,2019,cf,Male,pre,type1,p4,l1,nopc,nob/c,496500,3.99,0.3988,10255.23,360,not_neg,not_int,not_lpsm,818000,sb,pr,home,1U,11820,CIB,573,CIB,35-44,to_inst,60.69682152,south,direct,0,30
25885,2019,,Sex Not Available,nopre,type1,p4,l1,nopc,nob/c,436500,4.125,0.3095,6743.59,360,not_neg,not_int,not_lpsm,508000,sb,pr,home,1U,5880,EXP,835,EXP,65-74,to_inst,85.92519685,south,direct,0,45
25886,2019,cf,Sex Not Available,pre,type2,p3,l1,nopc,b/c,456500,3.875,0.9229,2231.25,360,not_neg,not_int,not_lpsm,528000,sb,pr,home,1U,4680,CIB,602,EXP,35-44,to_inst,86.45833333,south,direct,0,53
25887,2019,cf,Sex Not Available,nopre,type1,p3,l1,nopc,nob/c,326500,5.625,0.9385,2910,360,not_neg,not_int,not_lpsm,438000,sb,pr,home,1U,7440,CIB,532,EXP,35-44,to_inst,74.543379,south,direct,0,41
25888,2019,cf,Female,nopre,type2,p3,l1,nopc,b/c,176500,3.99,1.2598,3900,360,not_neg,not_int,not_lpsm,208000,sb,pr,home,1U,2580,EXP,611,EXP,55-64,not_inst,84.85576923,North,direct,0,59
25889,2019,cf,Female,nopre,type1,p3,l1,nopc,nob/c,296500,4.375,1.4613,,180,not_neg,not_int,not_lpsm,398000,sb,ir,home,1U,6420,CRIF,560,CIB,35-44,to_inst,74.49748744,North,direct,0,40
25890,2019,cf,Male,nopre,type1,p1,l1,nopc,nob/c,536500,3.875,0.2743,631.06,360,not_neg,not_int,not_lpsm,678000,sb,pr,home,1U,6000,CRIF,715,CIB,35-44,not_inst,79.12979351,south,direct,0,48
25891,2019,,Joint,nopre,type1,p1,l1,nopc,nob/c,676500,4.375,0.2606,0,360,not_neg,not_int,not_lpsm,758000,sb,pr,home,1U,12420,CIB,863,EXP,35-44,not_inst,89.24802111,North,direct,0,24
25892,2019,cf,Joint,nopre,type1,p1,l1,nopc,nob/c,446500,4.125,0.1297,5512.38,360,not_neg,not_int,not_lpsm,518000,sb,pr,home,1U,5820,CRIF,882,EXP,35-44,not_inst,86.1969112,North,direct,0,48
25893,2019,cf,Sex Not Available,nopre,type1,p4,l1,nopc,nob/c,476500,2.99,0.1579,11955.68,180,not_neg,not_int,not_lpsm,998000,sb,pr,home,1U,9000,CRIF,556,EXP,45-54,to_inst,47.74549098,North,direct,0,47
25894,2019,cf,Sex Not Available,nopre,type2,p3,l1,nopc,b/c,206500,4.75,0.9545,0,360,not_neg,not_int,not_lpsm,258000,sb,pr,home,1U,4860,CRIF,626,EXP,35-44,to_inst,80.03875969,south,direct,0,49
25895,2019,ncf,Joint,nopre,type3,p4,l1,nopc,nob/c,516500,,,,360,neg_amm,not_int,not_lpsm,508000,sb,pr,home,1U,,CRIF,525,EXP,55-64,not_inst,101.6732283,North,direct,1,
25896,2019,cf,Sex Not Available,nopre,type1,p3,l1,nopc,nob/c,186500,5.5,1.4234,5344,360,not_neg,not_int,not_lpsm,238000,sb,pr,home,1U,2880,CIB,668,CIB,25-34,to_inst,78.36134454,south,direct,0,43
25897,2019,cf,Sex Not Available,nopre,type1,p3,l1,nopc,nob/c,276500,4.625,1.4168,8840,360,not_neg,not_int,not_lpsm,348000,sb,pr,home,1U,4560,CRIF,866,EXP,35-44,to_inst,79.45402299,south,direct,0,48
25898,2019,cf,Sex Not Available,nopre,type2,p3,l1,nopc,b/c,86500,3.625,0.6824,850,360,not_neg,not_int,not_lpsm,108000,sb,pr,home,1U,1620,CRIF,773,EXP,>74,to_inst,80.09259259,south,direct,0,52
25899,2019,cf,Female,nopre,type1,p3,l1,nopc,nob/c,166500,4.25,0.443,3731.69,360,not_neg,not_int,not_lpsm,438000,sb,pr,home,1U,4140,CRIF,751,CIB,55-64,to_inst,38.01369863,North,direct,0,43
25900,2019,cf,Sex Not Available,nopre,type1,p4,l1,nopc,nob/c,136500,3.99,1.1099,3890.58,240,not_neg,not_int,not_lpsm,198000,sb,pr,home,1U,2460,CIB,863,CIB,45-54,to_inst,68.93939394,south,direct,0,39
25901,2019,cf,Female,nopre,type3,p3,l1,nopc,nob/c,366500,,,,360,not_neg,not_int,not_lpsm,408000,sb,pr,home,4U,2220,CIB,688,CIB,45-54,to_inst,89.82843137,North,direct,1,56
25902,2019,cf,Male,nopre,type3,p3,l1,nopc,nob/c,196500,3.625,0.3552,4476.97,360,not_neg,not_int,not_lpsm,238000,sb,pr,home,1U,5520,EXP,622,CIB,45-54,to_inst,82.56302521,North,direct,0,27
25903,2019,cf,Female,nopre,type1,p2,l1,nopc,nob/c,116500,,,,360,neg_amm,not_int,not_lpsm,578000,sb,pr,home,1U,1500,CIB,725,CIB,65-74,to_inst,20.15570934,North,direct,1,45
25904,2019,cf,Male,pre,type2,p1,l1,nopc,b/c,466500,4.75,1.1445,0,360,not_neg,not_int,not_lpsm,578000,sb,pr,home,2U,8100,CRIF,825,EXP,45-54,not_inst,80.70934256,North,direct,0,42
25905,2019,cf,Sex Not Available,nopre,type1,p3,l1,nopc,nob/c,256500,3.99,0.2011,8714.2,360,not_neg,not_int,not_lpsm,328000,sb,pr,home,1U,7560,EXP,525,CIB,55-64,to_inst,78.20121951,south,direct,0,31
25906,2019,cf,Joint,nopre,type1,p4,l1,nopc,nob/c,496500,4.125,0.0131,0,360,not_neg,not_int,not_lpsm,678000,sb,pr,home,1U,13440,EXP,771,EXP,45-54,not_inst,73.2300885,North,direct,0,31
25907,2019,cf,Sex Not Available,nopre,type1,p4,l1,nopc,nob/c,416500,3.125,-0.1696,11020.75,360,not_neg,not_int,not_lpsm,578000,sb,pr,home,1U,6360,EXP,679,CIB,45-54,to_inst,72.05882353,south,direct,0,37
25908,2019,cf,Female,nopre,type1,p1,l1,nopc,nob/c,136500,4.375,0.7365,0,360,not_neg,not_int,not_lpsm,138000,sb,pr,home,1U,1980,CRIF,595,CIB,>74,not_inst,98.91304348,North,direct,0,49
25909,2019,cf,Male,pre,type1,p1,l1,nopc,nob/c,206500,3.5,-0.118,5000,360,not_neg,not_int,not_lpsm,328000,sb,pr,home,1U,6060,EXP,765,CIB,45-54,to_inst,62.95731707,North,direct,0,32
25910,2019,ncf,Joint,pre,type1,p4,l1,nopc,nob/c,776500,,,,360,not_neg,not_int,not_lpsm,1508000,sb,ir,home,1U,14760,CRIF,709,EXP,45-54,not_inst,51.49204244,south,direct,1,36
25911,2019,cf,Sex Not Available,nopre,type1,p2,l1,nopc,nob/c,106500,,,,360,not_neg,not_int,not_lpsm,178000,sb,ir,home,1U,3060,CRIF,597,CIB,55-64,to_inst,59.83146067,south,direct,1,16
25912,2019,cf,Joint,pre,type1,p3,l1,nopc,nob/c,66500,4.25,0.7517,,180,not_neg,not_int,not_lpsm,208000,sb,pr,home,1U,6780,EXP,589,EXP,55-64,to_inst,31.97115385,central,direct,0,30
25913,2019,cf,Sex Not Available,nopre,type2,p3,l1,nopc,b/c,216500,3.5,0.8817,5844.18,360,not_neg,not_int,not_lpsm,428000,sb,pr,home,1U,2700,CRIF,779,CIB,55-64,to_inst,50.58411215,south,direct,0,38
25914,2019,cf,Female,nopre,type1,p4,l1,nopc,nob/c,326500,4,0.0274,4874.08,360,not_neg,not_int,not_lpsm,508000,sb,pr,home,1U,3720,EXP,797,CIB,45-54,not_inst,64.27165354,North,direct,0,48
25915,2019,cf,Joint,nopre,type1,p4,l2,nopc,nob/c,456500,4.25,0.0837,0,360,not_neg,not_int,not_lpsm,668000,sb,pr,home,1U,4380,EXP,748,EXP,45-54,not_inst,68.33832335,south,direct,0,47
25916,2019,cf,Sex Not Available,nopre,type1,p1,l1,nopc,nob/c,396500,4.75,0.7396,295,360,not_neg,not_int,not_lpsm,658000,sb,ir,home,1U,9600,CIB,550,EXP,55-64,to_inst,60.25835866,south,direct,0,36
25917,2019,cf,Sex Not Available,nopre,type2,p4,l1,nopc,b/c,446500,3.625,0.7046,0,360,not_neg,not_int,not_lpsm,508000,sb,pr,home,1U,,CIB,775,CIB,35-44,to_inst,87.89370079,south,direct,0,
25918,2019,cf,Sex Not Available,nopre,type1,p3,l1,nopc,nob/c,256500,4.75,0.7673,4472.57,360,neg_amm,not_int,not_lpsm,508000,sb,pr,home,1U,3540,EXP,654,CIB,55-64,to_inst,50.49212598,south,direct,0,35
25919,2019,cf,Sex Not Available,nopre,type1,p3,l1,nopc,nob/c,126500,4.5,0.6459,3190.85,360,not_neg,not_int,not_lpsm,358000,sb,pr,home,1U,2520,CRIF,768,CIB,55-64,to_inst,35.33519553,south,direct,0,39
25920,2019,cf,Sex Not Available,nopre,type1,p4,l1,nopc,nob/c,326500,3.25,-0.0621,10631.13,360,not_neg,not_int,not_lpsm,468000,sb,pr,home,1U,5460,CRIF,610,CIB,55-64,to_inst,69.76495726,south,direct,0,41
25921,2019,cf,Joint,nopre,type1,p3,l1,nopc,nob/c,356500,3.625,-0.0238,,360,not_neg,not_int,not_lpsm,818000,sb,pr,home,1U,5160,CIB,706,EXP,65-74,not_inst,43.58190709,North,direct,0,32
25922,2019,cf,Joint,nopre,type3,p1,l1,nopc,nob/c,286500,3.75,-0.1179,0,360,not_neg,not_int,not_lpsm,288000,sb,pr,home,1U,4860,CRIF,765,EXP,<25,not_inst,99.47916667,North,direct,0,37
25923,2019,cf,Sex Not Available,nopre,type1,p3,l1,nopc,nob/c,356500,3.125,0.3916,11820.01,180,not_neg,not_int,not_lpsm,658000,sb,pr,home,1U,11220,CIB,886,EXP,45-54,to_inst,54.17933131,south,direct,0,22
25924,2019,cf,Male,nopre,type3,p4,l1,nopc,nob/c,466500,3,-0.54,523.23,360,not_neg,not_int,not_lpsm,528000,sb,pr,home,1U,,CIB,716,CIB,35-44,not_inst,88.35227273,south,direct,0,
25925,2019,cf,Sex Not Available,nopre,type1,p3,l1,nopc,nob/c,196500,,,,360,not_neg,not_int,not_lpsm,298000,sb,pr,home,1U,7860,EXP,517,CIB,>74,to_inst,65.93959732,south,direct,1,39
25926,2019,,Male,nopre,type1,p4,l1,nopc,nob/c,366500,3.875,-0.0565,,360,not_neg,not_int,not_lpsm,578000,sb,pr,home,1U,3600,CRIF,659,CIB,45-54,to_inst,63.4083045,North,direct,0,48
25927,2019,cf,Sex Not Available,nopre,type3,p3,l1,nopc,nob/c,686500,4.25,-0.1162,1450,360,neg_amm,not_int,not_lpsm,688000,sb,pr,home,1U,8220,CRIF,624,EXP,45-54,to_inst,99.78197674,south,direct,0,50
25928,2019,,Male,nopre,type1,p1,l1,nopc,nob/c,156500,,,,360,neg_amm,not_int,not_lpsm,168000,sb,pr,home,1U,4380,CRIF,881,CIB,<25,to_inst,93.1547619,North,direct,1,32
25929,2019,cf,Sex Not Available,nopre,type3,p4,l1,nopc,nob/c,266500,,,,360,not_neg,not_int,not_lpsm,258000,sb,pr,home,1U,,CIB,778,CIB,25-34,not_inst,103.2945736,south,direct,1,
25930,2019,cf,Female,nopre,type1,p4,l1,nopc,nob/c,396500,,,,360,not_neg,not_int,lpsm,,sb,pr,home,1U,8640,EQUI,652,EXP,>74,to_inst,,North,direct,1,
25931,2019,cf,Sex Not Available,pre,type1,p3,l1,nopc,nob/c,406500,3.625,0.1565,6250,360,not_neg,not_int,not_lpsm,508000,sb,pr,home,1U,4560,CRIF,864,EXP,>74,to_inst,80.01968504,south,direct,0,40
25932,2019,cf,Male,nopre,type1,p3,l1,nopc,nob/c,336500,4.25,0.5051,3507.74,360,not_neg,not_int,not_lpsm,498000,sb,pr,home,1U,7020,EXP,683,CIB,45-54,to_inst,67.57028112,south,direct,0,31
25933,2019,cf,Male,nopre,type1,p4,l1,nopc,nob/c,316500,3.99,0.3853,5558.56,360,not_neg,not_int,not_lpsm,398000,sb,pr,home,1U,7200,EXP,754,EXP,45-54,to_inst,79.52261307,North,direct,0,46
25934,2019,cf,Joint,nopre,type1,p1,l1,nopc,nob/c,446500,4.125,0.1764,0,360,not_neg,not_int,not_lpsm,468000,sb,pr,home,1U,7020,CIB,579,EXP,35-44,not_inst,95.40598291,North,direct,0,39
25935,2019,cf,Sex Not Available,nopre,type1,p1,l1,nopc,nob/c,306500,3.99,0.4754,2816,360,not_neg,not_int,not_lpsm,338000,sb,pr,home,1U,5880,CRIF,671,EXP,35-44,to_inst,90.68047337,south,direct,0,48
25936,2019,cf,Female,nopre,type2,p1,l1,nopc,b/c,116500,,,,360,neg_amm,not_int,not_lpsm,,sb,pr,home,1U,2040,EQUI,602,EXP,25-34,to_inst,,North,direct,1,
25937,2019,cf,Sex Not Available,nopre,type2,p4,l1,nopc,b/c,226500,3.75,0.8706,0,360,not_neg,not_int,not_lpsm,268000,sb,pr,home,1U,,EXP,560,CIB,45-54,to_inst,84.51492537,south,direct,0,
25938,2019,cf,Joint,nopre,type1,p3,l1,nopc,nob/c,126500,3.99,0.1145,3493.75,360,not_neg,not_int,not_lpsm,178000,sb,pr,home,1U,3720,CRIF,607,EXP,65-74,to_inst,71.06741573,North,direct,0,36
25939,2019,cf,Sex Not Available,nopre,type1,p4,l1,nopc,nob/c,116500,,,,144,neg_amm,not_int,not_lpsm,368000,sb,pr,home,1U,4680,CRIF,646,EXP,55-64,to_inst,31.6576087,south,direct,1,31
25940,2019,cf,Female,nopre,type1,p3,l1,nopc,nob/c,246500,4.875,0.6479,5555,360,not_neg,not_int,not_lpsm,308000,sb,pr,home,1U,4260,CIB,737,CIB,35-44,not_inst,80.03246753,North,direct,0,39
25941,2019,cf,Male,pre,type1,p1,l1,nopc,nob/c,496500,,,,360,not_neg,not_int,not_lpsm,,sb,pr,home,1U,4920,EQUI,754,EXP,35-44,to_inst,,North,direct,1,
25942,2019,cf,Joint,pre,type1,p1,l1,nopc,nob/c,256500,4.625,0.8094,2459.6,360,neg_amm,not_int,not_lpsm,288000,sb,pr,home,1U,8220,CIB,846,EXP,25-34,to_inst,89.0625,North,direct,0,46
25943,2019,cf,Joint,pre,type1,p3,l1,nopc,nob/c,336500,3.625,0.678,5030,180,not_neg,not_int,not_lpsm,568000,sb,pr,home,1U,8160,CIB,800,EXP,45-54,to_inst,59.24295775,North,direct,0,31
25944,2019,cf,Sex Not Available,nopre,type1,p4,l1,nopc,nob/c,426500,3.75,-0.0352,10.02,360,not_neg,not_int,not_lpsm,1048000,sb,pr,home,1U,8040,CRIF,867,CIB,55-64,to_inst,40.69656489,south,direct,0,35
25945,2019,cf,Sex Not Available,nopre,type1,p4,l1,nopc,nob/c,476500,3.125,-0.6044,4206.88,348,not_neg,not_int,not_lpsm,908000,sb,sr,home,1U,189360,CIB,702,CIB,35-44,to_inst,52.47797357,south,direct,0,14
25946,2019,cf,Male,nopre,type1,p3,l1,nopc,nob/c,526500,4.625,0.4989,10407.5,360,not_neg,not_int,not_lpsm,828000,sb,pr,home,1U,6600,EXP,642,CIB,55-64,to_inst,63.58695652,North,direct,0,49
25947,2019,cf,Female,nopre,type1,p4,l1,nopc,nob/c,236500,2.99,-0.1411,1610.36,180,not_neg,not_int,not_lpsm,528000,sb,pr,home,1U,13920,CRIF,878,EXP,45-54,not_inst,44.79166667,North,direct,0,20
25948,2019,ncf,Female,nopre,type1,p3,l1,nopc,nob/c,236500,4.875,0.9786,5117.5,360,not_neg,not_int,not_lpsm,288000,sb,pr,home,1U,4140,EXP,745,EXP,45-54,to_inst,82.11805556,North,direct,0,38
25949,2019,cf,Female,nopre,type1,p3,l1,nopc,nob/c,216500,3.625,0.0623,679.87,360,not_neg,not_int,not_lpsm,378000,sb,pr,home,1U,3960,CRIF,690,CIB,45-54,not_inst,57.27513228,North,direct,0,31
25950,2019,cf,Male,nopre,type1,p4,l1,nopc,nob/c,336500,3.625,-0.1027,556.34,360,not_neg,not_int,not_lpsm,648000,sb,pr,home,1U,3360,CRIF,718,CIB,25-34,not_inst,51.92901235,North,direct,0,46
25951,2019,cf,Joint,nopre,type1,p4,l1,nopc,nob/c,586500,4.125,0.044,1914.48,360,not_neg,not_int,not_lpsm,778000,sb,pr,home,1U,9540,EXP,662,EXP,45-54,not_inst,75.38560411,south,direct,0,49
25952,2019,cf,Sex Not Available,pre,type2,p3,l1,nopc,b/c,266500,,,,360,not_neg,not_int,not_lpsm,288000,sb,pr,home,1U,2940,CIB,826,CIB,65-74,to_inst,92.53472222,south,direct,1,57
25953,2019,cf,Joint,nopre,type3,p4,l1,nopc,nob/c,476500,,,,360,not_neg,not_int,lpsm,,sb,pr,home,1U,0,EQUI,539,EXP,55-64,to_inst,,south,direct,1,
25954,2019,ncf,Joint,nopre,type1,p3,l1,nopc,nob/c,446500,4.25,0.4986,4000,120,not_neg,not_int,not_lpsm,988000,sb,pr,home,1U,15600,EXP,579,EXP,55-64,to_inst,45.19230769,south,direct,0,35
25955,2019,cf,Male,nopre,type1,p3,l1,nopc,nob/c,486500,,,,360,neg_amm,not_int,not_lpsm,,sb,pr,home,1U,7980,EQUI,829,EXP,35-44,not_inst,,North,direct,1,
25956,2019,cf,Male,nopre,type1,p1,l2,nopc,nob/c,166500,4.375,0.5242,4279.71,360,not_neg,not_int,not_lpsm,208000,sb,pr,home,1U,2160,CRIF,715,CIB,55-64,to_inst,80.04807692,central,direct,0,44
25957,2019,cf,Sex Not Available,nopre,type1,p3,l2,nopc,nob/c,276500,,,,300,neg_amm,not_int,not_lpsm,328000,sb,pr,home,1U,5700,CRIF,750,EXP,65-74,to_inst,84.29878049,south,direct,1,47
25958,2019,cf,Joint,pre,type1,p1,l1,nopc,nob/c,406500,4.375,-0.0201,1656.09,360,neg_amm,not_int,not_lpsm,478000,sb,pr,home,1U,4680,CIB,693,EXP,25-34,to_inst,85.041841,North,direct,0,39
25959,2019,cf,Joint,nopre,type2,p1,l1,nopc,b/c,366500,3.75,0.9078,0,360,not_neg,not_int,not_lpsm,368000,sb,pr,home,1U,4380,CIB,692,EXP,25-34,not_inst,99.5923913,North,direct,0,50
25960,2019,cf,Sex Not Available,nopre,type1,p3,l1,nopc,nob/c,236500,5.25,1.3586,6826.41,360,not_neg,not_int,not_lpsm,348000,sb,ir,home,1U,5160,EXP,782,CIB,65-74,to_inst,67.95977011,south,direct,0,37
25961,2019,cf,Female,nopre,type1,p3,l1,nopc,nob/c,126500,,,,360,not_neg,not_int,lpsm,178000,sb,pr,home,1U,1440,CIB,863,CIB,>74,to_inst,71.06741573,south,direct,1,60
25962,2019,cf,Sex Not Available,pre,type1,p3,l1,nopc,nob/c,266500,3.75,0.9736,7652.5,240,not_neg,not_int,not_lpsm,378000,sb,pr,home,1U,8580,CRIF,805,CIB,45-54,to_inst,70.5026455,south,direct,0,39
25963,2019,cf,Sex Not Available,pre,type1,p3,l1,nopc,nob/c,226500,4.5,0.698,6375,360,not_neg,not_int,not_lpsm,308000,sb,pr,home,1U,2700,CRIF,633,EXP,65-74,to_inst,73.53896104,south,direct,0,42
25964,2019,cf,Female,nopre,type1,p3,l1,nopc,nob/c,446500,3.99,0.5316,10496.59,360,not_neg,not_int,not_lpsm,688000,sb,pr,home,1U,6780,CRIF,827,CIB,65-74,to_inst,64.89825581,North,direct,0,41
25965,2019,cf,Joint,nopre,type1,p4,l1,nopc,nob/c,346500,3.75,0.042,0,360,not_neg,not_int,not_lpsm,608000,sb,pr,home,1U,4740,EXP,814,EXP,45-54,not_inst,56.99013158,North,direct,0,47
25966,2019,cf,Joint,nopre,type1,p4,l2,nopc,nob/c,266500,,,,300,neg_amm,not_int,not_lpsm,328000,sb,pr,home,1U,6720,EXP,850,EXP,55-64,to_inst,81.25,North,direct,1,46
25967,2019,cf,Female,nopre,type1,p1,l1,nopc,nob/c,176500,,,,360,not_neg,not_int,not_lpsm,,sb,pr,home,1U,3000,EQUI,769,EXP,65-74,to_inst,,North,direct,1,
25968,2019,cf,Male,nopre,type2,p4,l1,nopc,b/c,406500,3.5,0.6683,0,360,not_neg,not_int,not_lpsm,418000,sb,pr,home,1U,,EXP,707,CIB,35-44,not_inst,97.24880383,North,direct,0,
25969,2019,cf,Male,nopre,type1,p1,l1,nopc,nob/c,246500,,,,360,not_neg,not_int,not_lpsm,258000,sb,pr,home,1U,3420,CRIF,865,CIB,35-44,to_inst,95.54263566,North,direct,1,36
25970,2019,cf,Male,nopre,type2,p3,l1,nopc,b/c,266500,4.25,0.3083,0,360,not_neg,not_int,not_lpsm,468000,sb,pr,home,1U,7620,CRIF,756,CIB,45-54,not_inst,56.94444444,North,direct,0,30
25971,2019,cf,Female,nopre,type1,p3,l1,nopc,nob/c,186500,3.875,0.4879,3521.25,360,not_neg,not_int,not_lpsm,308000,sb,pr,home,1U,2220,CRIF,684,CIB,65-74,to_inst,60.55194805,North,direct,0,42
25972,2019,cf,Sex Not Available,pre,type3,p3,l1,nopc,nob/c,236500,,,,360,not_neg,not_int,not_lpsm,198000,sb,pr,home,1U,4920,CRIF,692,EXP,65-74,to_inst,119.4444444,south,direct,1,46
25973,2019,cf,Female,pre,type2,p3,l1,nopc,b/c,286500,3.99,1.008,2328.92,360,not_neg,not_int,not_lpsm,338000,sb,pr,home,1U,2820,CRIF,775,CIB,35-44,to_inst,84.76331361,North,direct,0,55
25974,2019,cf,Female,nopre,type1,p1,l1,nopc,nob/c,446500,,,,360,not_neg,not_int,not_lpsm,,sb,pr,home,1U,5640,EQUI,719,EXP,65-74,to_inst,,central,direct,1,
25975,2019,cf,Sex Not Available,pre,type2,p4,l1,nopc,b/c,76500,,,,180,not_neg,not_int,not_lpsm,98000,sb,pr,home,1U,2400,EXP,517,CIB,65-74,to_inst,78.06122449,south,direct,1,56
25976,2019,cf,Male,nopre,type1,p4,l1,nopc,nob/c,366500,,,,360,not_neg,int_only,not_lpsm,,sb,pr,home,1U,4200,EQUI,805,EXP,35-44,not_inst,,south,direct,1,
25977,2019,cf,Male,nopre,type1,p4,l1,nopc,nob/c,446500,3.75,-0.043,92.22,360,not_neg,not_int,not_lpsm,568000,sb,pr,home,1U,6840,EXP,611,CIB,55-64,not_inst,78.60915493,North,direct,0,37
25978,2019,cf,Male,nopre,type1,p4,l1,nopc,nob/c,356500,3.99,0.3661,2661.04,360,neg_amm,not_int,not_lpsm,578000,sb,pr,home,1U,4980,EXP,803,EXP,45-54,to_inst,61.67820069,south,direct,0,48
25979,2019,cf,Joint,nopre,type2,p1,l1,nopc,b/c,456500,,,,360,not_neg,not_int,not_lpsm,468000,sb,pr,home,1U,5700,CRIF,866,EXP,25-34,not_inst,97.54273504,North,direct,1,40
25980,2019,ncf,Female,pre,type1,p4,l1,nopc,nob/c,136500,4.5,0.5969,3528.5,360,not_neg,not_int,not_lpsm,358000,sb,pr,home,1U,2340,EXP,888,CIB,65-74,to_inst,38.12849162,North,direct,0,39
25981,2019,cf,Sex Not Available,nopre,type3,p3,l1,nopc,nob/c,116500,3.99,0.2501,4520,360,not_neg,not_int,not_lpsm,238000,sb,pr,home,1U,2280,CRIF,646,CIB,65-74,to_inst,48.94957983,south,direct,0,38
25982,2019,cf,Joint,nopre,type1,p3,l1,nopc,nob/c,266500,4.5,1.2565,552.75,240,not_neg,not_int,not_lpsm,378000,sb,pr,home,1U,8340,EXP,823,EXP,55-64,not_inst,70.5026455,North,direct,0,36
25983,2019,cf,Female,nopre,type1,p3,l1,nopc,nob/c,126500,3.99,0.5835,3862.5,360,not_neg,not_int,not_lpsm,498000,sb,pr,home,1U,2520,CIB,562,CIB,65-74,to_inst,25.40160643,North,direct,0,48
25984,2019,cf,Female,pre,type2,p3,l1,nopc,b/c,156500,4.375,1.4571,2072.34,360,not_neg,not_int,not_lpsm,428000,sb,pr,home,1U,3120,CIB,514,CIB,45-54,to_inst,36.56542056,North,direct,0,40
25985,2019,cf,Male,nopre,type1,p3,l1,nopc,nob/c,226500,4.25,0.6985,2821.23,180,not_neg,not_int,not_lpsm,328000,sb,pr,home,1U,5340,CIB,698,CIB,65-74,to_inst,69.05487805,North,direct,0,49
25986,2019,cf,Female,nopre,type2,p3,l1,nopc,b/c,76500,,,,360,not_neg,not_int,not_lpsm,118000,sb,pr,home,1U,2280,CRIF,630,CIB,65-74,to_inst,64.83050847,North,direct,1,6
25987,2019,cf,Joint,nopre,type1,p4,l1,nopc,nob/c,436500,3.875,0.0853,0,360,not_neg,not_int,not_lpsm,548000,sb,pr,home,1U,5880,CRIF,585,EXP,45-54,not_inst,79.65328467,North,direct,0,49
25988,2019,cf,Sex Not Available,nopre,type2,p3,l1,nopc,b/c,196500,4.5,1.2925,3864.41,360,not_neg,not_int,not_lpsm,228000,sb,pr,home,1U,3180,CIB,651,CIB,55-64,to_inst,86.18421053,south,direct,0,44
25989,2019,,Joint,nopre,type1,p3,l1,nopc,nob/c,456500,4.25,0.243,0,360,not_neg,not_int,not_lpsm,658000,sb,pr,home,1U,14460,CRIF,772,EXP,45-54,not_inst,69.3768997,North,direct,0,36
25990,2019,cf,Male,nopre,type1,p1,l1,nopc,nob/c,796500,4.99,0.5266,7037.93,360,not_neg,not_int,not_lpsm,1068000,sb,ir,home,4U,9660,EXP,867,CIB,25-34,not_inst,74.57865169,North,direct,0,27
25991,2019,cf,Joint,nopre,type1,p4,l1,nopc,nob/c,356500,3.875,0.343,3640,360,not_neg,not_int,not_lpsm,398000,sb,pr,home,1U,7320,EXP,545,EXP,45-54,not_inst,89.57286432,North,direct,0,40
25992,2019,cf,Sex Not Available,nopre,type1,p1,l2,nopc,nob/c,126500,5.5,1.4281,2319.1,360,not_neg,not_int,not_lpsm,168000,sb,pr,home,1U,7080,EXP,762,EXP,35-44,to_inst,75.29761905,south,direct,0,37
25993,2019,cf,Sex Not Available,pre,type1,p3,l1,nopc,nob/c,316500,4.375,0.8446,7765.73,360,not_neg,not_int,not_lpsm,418000,sb,pr,home,1U,5400,CIB,750,EXP,55-64,to_inst,75.71770335,south,direct,0,39
25994,2019,cf,Joint,nopre,type1,p4,l1,nopc,nob/c,316500,4.375,0.1688,0,276,not_neg,not_int,not_lpsm,388000,sb,pr,home,1U,7260,EXP,697,EXP,45-54,to_inst,81.57216495,North,direct,0,34
25995,2019,cf,Joint,pre,type1,p1,l1,nopc,nob/c,326500,4.625,0.7497,7374.38,360,not_neg,not_int,not_lpsm,348000,sb,pr,home,1U,6120,EXP,600,EXP,25-34,to_inst,93.82183908,south,direct,0,40
25996,2019,cf,Female,pre,type1,p3,l1,nopc,nob/c,146500,,,,360,not_neg,not_int,not_lpsm,128000,sb,pr,home,1U,2760,CRIF,772,CIB,65-74,to_inst,114.453125,North,direct,1,48
25997,2019,cf,Joint,pre,type1,p1,l1,nopc,nob/c,346500,4.25,-0.0157,5913,360,not_neg,not_int,not_lpsm,438000,sb,pr,home,1U,4800,CRIF,522,EXP,25-34,to_inst,79.10958904,south,direct,0,49
25998,2019,cf,Male,nopre,type1,p4,l1,nopc,nob/c,406500,,,,360,not_neg,not_int,not_lpsm,508000,sb,pr,home,1U,17940,EXP,846,CIB,65-74,to_inst,80.01968504,south,direct,1,16
25999,2019,cf,Joint,nopre,type1,p4,l1,nopc,nob/c,596500,,,,360,not_neg,not_int,lpsm,,sb,pr,home,1U,8460,EQUI,705,EXP,25-34,not_inst,,North,direct,1,
26000,2019,cf,Sex Not Available,nopre,type1,p1,l2,nopc,nob/c,286500,,,,300,neg_amm,not_int,not_lpsm,,sb,pr,home,1U,3300,EQUI,792,EXP,45-54,to_inst,,south,direct,1,
26001,2019,cf,Joint,nopre,type3,p4,l1,nopc,nob/c,476500,3.5,-0.3036,94.54,360,not_neg,not_int,lpsm,638000,sb,pr,home,1U,,CIB,519,EXP,55-64,not_inst,74.68652038,central,direct,0,
26002,2019,cf,Male,nopre,type1,p4,l1,nopc,nob/c,356500,,,,360,not_neg,not_int,not_lpsm,438000,sb,pr,home,1U,6180,CRIF,580,CIB,55-64,not_inst,81.39269406,North,direct,1,36
26003,2019,cf,Sex Not Available,nopre,type1,p3,l1,nopc,nob/c,306500,3.99,0.6883,6858.23,360,not_neg,int_only,not_lpsm,498000,sb,pr,home,1U,5220,CRIF,504,CIB,45-54,to_inst,61.54618474,south,direct,0,30
26004,2019,cf,Sex Not Available,nopre,type1,p4,l1,nopc,nob/c,126500,4.125,0.7405,,360,not_neg,not_int,not_lpsm,178000,sb,pr,home,1U,3660,CRIF,874,CIB,35-44,to_inst,71.06741573,south,direct,0,39
26005,2019,cf,Joint,nopre,type1,p1,l1,nopc,nob/c,206500,4.75,0.143,814.5,360,not_neg,not_int,not_lpsm,298000,sb,pr,home,1U,5760,CIB,512,EXP,>74,not_inst,69.29530201,North,direct,0,47
26006,2019,cf,Male,pre,type1,p1,l1,nopc,nob/c,276500,4.875,0.3138,0,360,not_neg,not_int,not_lpsm,348000,sb,pr,home,1U,5340,EXP,668,CIB,35-44,to_inst,79.45402299,North,direct,0,41
26007,2019,cf,Joint,nopre,type1,p3,l1,nopc,nob/c,276500,2.99,0.1149,,180,not_neg,not_int,not_lpsm,478000,sb,sr,home,1U,8040,EXP,853,EXP,55-64,to_inst,57.84518828,North,direct,0,40
26008,2019,cf,Joint,pre,type1,p1,l1,nopc,nob/c,296500,3.875,0.5116,4325.43,360,not_neg,int_only,not_lpsm,328000,sb,pr,home,1U,9840,CIB,821,EXP,25-34,to_inst,90.39634146,North,direct,0,34
26009,2019,cf,Female,nopre,type1,p4,l1,nopc,nob/c,726500,3.75,-0.0272,0,360,not_neg,not_int,not_lpsm,3108000,sb,pr,home,1U,9300,CRIF,503,CIB,65-74,not_inst,23.37516088,North,direct,0,39
26010,2019,cf,Male,nopre,type1,p4,l1,nopc,nob/c,436500,3.75,0.0532,0,360,not_neg,not_int,not_lpsm,628000,sb,pr,home,1U,6060,CRIF,862,CIB,45-54,not_inst,69.50636943,North,direct,0,31
26011,2019,cf,Female,nopre,type1,p3,l1,nopc,nob/c,86500,3.875,1.3533,3175.25,180,not_neg,not_int,not_lpsm,148000,sb,pr,home,1U,3360,CIB,737,CIB,55-64,to_inst,58.44594595,North,direct,0,33
26012,2019,cf,Female,nopre,type1,p2,l1,nopc,nob/c,486500,,,,180,not_neg,not_int,not_lpsm,,sb,pr,home,1U,7320,EQUI,571,EXP,65-74,to_inst,,south,direct,1,
26013,2019,cf,Female,nopre,type1,p4,l1,nopc,nob/c,76500,4.125,0.96,3118.75,180,neg_amm,not_int,not_lpsm,308000,sb,pr,home,1U,2940,EXP,548,CIB,65-74,to_inst,24.83766234,North,direct,0,44
26014,2019,cf,Joint,pre,type1,p1,l1,nopc,nob/c,196500,4.375,0.6318,1805.16,360,not_neg,not_int,not_lpsm,248000,sb,pr,home,1U,2760,CIB,716,EXP,55-64,not_inst,79.23387097,south,direct,0,43
26015,2019,cf,Joint,nopre,type3,p3,l1,nopc,nob/c,476500,4.99,0.6816,5962.5,360,not_neg,not_int,not_lpsm,648000,sb,pr,home,1U,6360,CRIF,599,EXP,45-54,to_inst,73.53395062,North,direct,0,58
26016,2019,cf,Male,nopre,type1,p4,l1,nopc,nob/c,306500,3.5,0.003,3916.55,360,neg_amm,not_int,not_lpsm,398000,sb,pr,home,1U,2880,EXP,854,EXP,>74,to_inst,77.01005025,North,direct,0,49
26017,2019,cf,Male,nopre,type1,p4,l1,nopc,nob/c,446500,3.625,0.1034,3719.5,360,not_neg,not_int,not_lpsm,658000,sb,pr,home,1U,16740,CIB,779,EXP,35-44,to_inst,67.85714286,North-East,direct,0,37
26018,2019,cf,Joint,nopre,type1,p4,l1,nopc,nob/c,356500,3.125,-0.418,0,96,not_neg,not_int,not_lpsm,948000,sb,pr,home,1U,14580,EXP,625,EXP,45-54,not_inst,37.60548523,central,direct,0,30
26019,2019,cf,Joint,pre,type1,p1,l1,nopc,nob/c,416500,4.18,-0.173,0,360,not_neg,not_int,not_lpsm,828000,sb,pr,home,1U,5760,CRIF,648,EXP,65-74,not_inst,50.30193237,North,direct,0,39
26020,2019,cf,Joint,nopre,type1,p3,l1,nopc,nob/c,106500,,,,360,not_neg,not_int,not_lpsm,178000,sb,pr,home,1U,1320,CRIF,700,EXP,65-74,to_inst,59.83146067,central,direct,1,47
26021,2019,cf,Sex Not Available,nopre,type1,p4,l1,nopc,nob/c,446500,3.99,0.1704,625,300,not_neg,not_int,not_lpsm,578000,sb,pr,home,1U,7440,CRIF,610,EXP,25-34,not_inst,77.24913495,south,direct,0,31
26022,2019,cf,Sex Not Available,nopre,type1,p4,l1,nopc,nob/c,376500,3.99,0.348,5014.99,360,not_neg,not_int,not_lpsm,548000,sb,pr,home,1U,4320,EXP,871,EXP,45-54,to_inst,68.70437956,south,direct,0,39
26023,2019,cf,Joint,nopre,type1,p3,l1,nopc,nob/c,556500,3.75,0.1851,6820,360,not_neg,not_int,not_lpsm,1908000,sb,pr,home,1U,8040,EXP,717,EXP,>74,to_inst,29.16666667,North,direct,0,21
26024,2019,cf,Sex Not Available,nopre,type1,p3,l1,nopc,nob/c,176500,,,,360,not_neg,not_int,not_lpsm,,sb,pr,home,1U,7140,EQUI,657,EXP,55-64,to_inst,,south,direct,1,
26025,2019,cf,Joint,nopre,type3,p3,l1,nopc,nob/c,86500,,,,360,not_neg,int_only,not_lpsm,108000,sb,pr,home,1U,2400,EXP,586,EXP,>74,to_inst,80.09259259,North,direct,1,58
26026,2019,cf,Joint,pre,type2,p1,l1,nopc,b/c,286500,3.99,1.2125,0,360,not_neg,not_int,not_lpsm,298000,sb,pr,home,1U,6420,CIB,515,EXP,25-34,not_inst,96.1409396,North,direct,0,52
26027,2019,cf,Sex Not Available,pre,type1,p3,l1,nopc,nob/c,296500,3.75,0.3262,7774.45,180,not_neg,not_int,not_lpsm,438000,sb,pr,home,1U,6180,CIB,631,CIB,45-54,to_inst,67.69406393,south,direct,0,43
26028,2019,cf,Sex Not Available,nopre,type2,p4,l1,nopc,b/c,486500,3.625,0.4846,0,360,not_neg,not_int,not_lpsm,638000,sb,pr,home,1U,,CIB,828,CIB,65-74,to_inst,76.2539185,south,direct,0,
26029,2019,cf,Male,nopre,type1,p1,l1,nopc,nob/c,286500,3.875,0.2358,1215.6,360,not_neg,not_int,not_lpsm,388000,sb,pr,home,1U,4680,EXP,630,CIB,45-54,not_inst,73.84020619,North,direct,0,32
26030,2019,cf,Joint,nopre,type1,p1,l1,nopc,nob/c,486500,3.25,-0.448,4275,360,not_neg,not_int,not_lpsm,1308000,sb,pr,home,1U,7800,CIB,637,EXP,35-44,to_inst,37.1941896,North,direct,0,38
26031,2019,cf,Male,nopre,type1,p1,l1,nopc,nob/c,196500,3.75,0.3296,5302.85,180,not_neg,not_int,not_lpsm,338000,sb,pr,home,1U,7200,CIB,826,CIB,55-64,to_inst,58.13609467,North,direct,0,20
26032,2019,cf,Joint,nopre,type3,p3,l1,nopc,nob/c,136500,4.625,0.2139,1950,360,not_neg,not_int,not_lpsm,138000,sb,pr,home,1U,6060,CRIF,606,EXP,45-54,to_inst,98.91304348,south,direct,0,58
26033,2019,cf,Male,nopre,type1,p4,l2,nopc,nob/c,406500,4.5,0.165,0,360,not_neg,not_int,not_lpsm,548000,sb,pr,home,1U,7080,EXP,699,CIB,45-54,not_inst,74.17883212,North,direct,0,43
26034,2019,cf,Sex Not Available,nopre,type2,p3,l1,nopc,b/c,326500,,,,360,not_neg,not_int,not_lpsm,428000,sb,pr,home,1U,2820,CRIF,625,CIB,55-64,to_inst,76.28504673,south,direct,1,55
26035,2019,cf,Male,nopre,type1,p4,l1,nopc,nob/c,726500,4,-0.1001,5196.62,360,not_neg,not_int,not_lpsm,1218000,sb,pr,home,1U,10680,CIB,536,CIB,35-44,not_inst,59.64696223,south,direct,0,34
26036,2019,cf,Joint,nopre,type1,p3,l1,nopc,nob/c,176500,3.875,0.4114,5604.25,360,not_neg,not_int,not_lpsm,458000,sb,pr,home,1U,8520,CIB,892,EXP,65-74,to_inst,38.5371179,North,direct,0,12
26037,2019,ncf,Joint,pre,type3,p1,l1,nopc,nob/c,116500,4.75,1.3302,853.92,360,not_neg,not_int,not_lpsm,138000,sb,pr,home,1U,4080,EXP,752,EXP,25-34,to_inst,84.42028986,North,direct,0,41
26038,2019,cf,Male,nopre,type3,p1,l1,nopc,nob/c,406500,3.375,-0.2423,0,360,not_neg,not_int,not_lpsm,398000,sb,pr,home,1U,3420,CIB,789,CIB,25-34,not_inst,102.1356784,North,direct,0,54
26039,2019,cf,Sex Not Available,nopre,type1,p3,l1,nopc,nob/c,226500,3.99,1.07,3706.85,180,not_neg,not_int,not_lpsm,288000,sb,pr,home,1U,5760,CIB,658,EXP,45-54,to_inst,78.64583333,south,direct,0,40
26040,2019,ncf,Sex Not Available,nopre,type2,p3,l1,nopc,b/c,176500,3.75,,0,324,neg_amm,not_int,not_lpsm,218000,sb,pr,home,1U,,EQUI,572,EXP,,NA,80.96330275,south,direct,1,
26041,2019,cf,Female,pre,type1,p3,l1,nopc,nob/c,156500,3.75,0.875,3774,180,not_neg,not_int,not_lpsm,198000,sb,pr,home,1U,4020,EXP,534,CIB,65-74,to_inst,79.04040404,North,direct,0,39
26042,2019,,Joint,nopre,type1,p4,l1,nopc,nob/c,206500,3.75,0.3905,1754.19,180,not_neg,not_int,not_lpsm,278000,sb,pr,home,1U,8100,EXP,791,EXP,45-54,to_inst,74.28057554,south,direct,0,46
26043,2019,cf,Male,nopre,type1,p3,l2,nopc,nob/c,456500,4.75,0.9002,15440.63,360,not_neg,not_int,not_lpsm,618000,sb,ir,home,1U,14580,EXP,552,EXP,45-54,to_inst,73.86731392,south,direct,0,47
26044,2019,cf,Sex Not Available,nopre,type1,p4,l1,nopc,nob/c,286500,3.375,-0.1329,8969.78,360,not_neg,not_int,not_lpsm,478000,sb,pr,home,1U,8280,CRIF,616,CIB,35-44,to_inst,59.93723849,south,direct,0,13
26045,2019,cf,Male,nopre,type3,p4,l1,nopc,nob/c,596500,2.99,-0.6634,3446.8,360,not_neg,not_int,not_lpsm,1078000,sb,pr,home,1U,,CRIF,784,CIB,65-74,to_inst,55.33395176,central,direct,0,
26046,2019,cf,Male,pre,type1,p1,l1,nopc,nob/c,216500,3.625,0.4551,108.33,240,not_neg,not_int,not_lpsm,338000,sb,pr,home,1U,7500,CRIF,619,CIB,35-44,to_inst,64.05325444,North,direct,0,9
26047,2019,cf,Female,nopre,type1,p3,l1,nopc,nob/c,316500,4.75,0.9469,1839.99,360,not_neg,not_int,not_lpsm,448000,sb,pr,home,1U,4500,EXP,634,EXP,>74,to_inst,70.64732143,central,direct,0,42
26048,2019,cf,Joint,nopre,type2,p3,l1,nopc,b/c,176500,,,,360,not_neg,not_int,not_lpsm,218000,sb,pr,home,1U,4620,CRIF,530,EXP,35-44,to_inst,80.96330275,North,direct,1,54
26049,2019,cf,Sex Not Available,nopre,type3,p3,l1,nopc,nob/c,296500,3.375,-0.3143,5437.5,360,not_neg,not_int,not_lpsm,298000,sb,pr,home,1U,9240,EXP,536,EXP,35-44,to_inst,99.4966443,south,direct,0,41
26050,2019,cf,Male,pre,type1,p4,l1,nopc,nob/c,476500,3.375,-0.273,0,324,not_neg,not_int,not_lpsm,808000,sb,pr,home,1U,6000,CRIF,687,EXP,35-44,not_inst,58.97277228,south,direct,0,41
26051,2019,cf,Female,nopre,type1,p4,l1,nopc,nob/c,496500,3.75,0.1245,12468.5,360,not_neg,not_int,not_lpsm,758000,sb,pr,home,1U,9060,CIB,512,CIB,45-54,to_inst,65.50131926,south,direct,0,28
26052,2019,cf,Male,nopre,type1,p3,l2,nopc,nob/c,76500,4.625,0.8278,3029.25,360,not_neg,not_int,not_lpsm,138000,sb,pr,home,1U,2880,CRIF,545,EXP,55-64,to_inst,55.43478261,North,direct,0,31
26053,2019,cf,Male,nopre,type1,p1,l1,nopc,nob/c,186500,3.75,0.3006,6746,360,not_neg,not_int,not_lpsm,228000,sb,pr,home,1U,4500,CRIF,536,CIB,25-34,to_inst,81.79824561,North,direct,0,30
26054,2019,cf,Male,nopre,type2,p1,l1,nopc,b/c,266500,3.25,0.59,1216.4,360,not_neg,not_int,not_lpsm,268000,sb,pr,home,1U,5760,CIB,658,EXP,<25,not_inst,99.44029851,central,direct,0,60
26055,2019,cf,Male,nopre,type1,p4,l1,nopc,nob/c,126500,,,,180,neg_amm,not_int,not_lpsm,,sb,pr,home,1U,3660,EQUI,548,EXP,55-64,to_inst,,central,direct,1,
26056,2019,cf,Sex Not Available,nopre,type1,p4,l1,nopc,nob/c,466500,3.625,-0.127,1012.8,360,not_neg,not_int,not_lpsm,548000,sb,pr,home,1U,6600,EXP,784,CIB,35-44,not_inst,85.12773723,south,direct,0,36
26057,2019,cf,Joint,pre,type1,p4,l1,nopc,nob/c,376500,3.25,-0.2485,13027.02,360,not_neg,not_int,not_lpsm,1038000,sb,pr,home,1U,3300,CRIF,633,EXP,55-64,to_inst,36.2716763,North,direct,0,48
26058,2019,cf,Male,pre,type2,p1,l1,nopc,b/c,126500,,,,360,not_neg,not_int,not_lpsm,,sb,pr,home,1U,3000,EQUI,564,EXP,45-54,to_inst,,North,direct,1,
26059,2019,cf,Female,nopre,type1,p4,l1,nopc,nob/c,86500,4.625,0.9201,2909.5,360,not_neg,not_int,not_lpsm,128000,sb,pr,home,1U,1860,EXP,696,CIB,55-64,to_inst,67.578125,North,direct,0,24
26060,2019,cf,Female,pre,type1,p1,l1,nopc,nob/c,236500,3.25,-0.0099,4931.25,360,not_neg,not_int,not_lpsm,258000,sb,pr,home,1U,2100,CRIF,637,CIB,25-34,to_inst,91.66666667,North,direct,0,49
26061,2019,cf,Male,nopre,type1,p4,l1,nopc,nob/c,636500,3.625,0.1496,0,360,not_neg,not_int,not_lpsm,718000,sb,pr,home,1U,7800,CIB,735,CIB,35-44,not_inst,88.64902507,south,direct,0,39
26062,2019,cf,Sex Not Available,nopre,type1,p3,l1,nopc,nob/c,156500,3.375,0.6524,4647.7,180,not_neg,not_int,not_lpsm,348000,sb,pr,home,1U,3000,CIB,648,EXP,65-74,to_inst,44.97126437,south,direct,0,49
26063,2019,cf,Female,nopre,type1,p4,l1,nopc,nob/c,246500,,,,360,not_neg,not_int,not_lpsm,228000,sb,pr,home,1U,6900,CRIF,653,CIB,45-54,to_inst,108.1140351,central,direct,1,37
26064,2019,cf,Male,nopre,type1,p4,l1,nopc,nob/c,376500,4.375,0.1742,760,360,neg_amm,not_int,not_lpsm,768000,sb,pr,home,1U,52080,CRIF,866,CIB,65-74,to_inst,49.0234375,North,direct,0,27
26065,2019,cf,Male,nopre,type1,p1,l1,nopc,nob/c,586500,,,,360,not_neg,not_int,not_lpsm,,sb,pr,home,1U,8100,EQUI,872,EXP,45-54,to_inst,,central,direct,1,
26066,2019,cf,Sex Not Available,nopre,type1,p4,l1,nopc,nob/c,266500,3.25,0.4387,7254.13,240,not_neg,not_int,not_lpsm,528000,sb,pr,home,1U,6000,CRIF,819,CIB,35-44,to_inst,50.47348485,south,direct,0,20
26067,2019,cf,Sex Not Available,nopre,type1,p4,l1,nopc,nob/c,216500,3.99,0.1755,6268.38,360,not_neg,not_int,not_lpsm,508000,sb,pr,home,1U,7560,CIB,839,CIB,45-54,to_inst,42.61811024,south,direct,0,7
26068,2019,cf,Sex Not Available,nopre,type2,p3,l1,nopc,b/c,176500,4.625,1.6055,1700,360,not_neg,not_int,not_lpsm,208000,sb,pr,home,1U,4380,CIB,691,CIB,35-44,to_inst,84.85576923,south,direct,0,49
26069,2019,ncf,Joint,pre,type1,p1,l1,nopc,nob/c,326500,4.5,1.3802,550,360,not_neg,not_int,not_lpsm,348000,sb,pr,home,1U,8760,CIB,731,EXP,45-54,to_inst,93.82183908,south,direct,0,45
26070,2019,ncf,Male,nopre,type1,p4,l1,nopc,nob/c,236500,3.375,0.3306,7630,180,not_neg,not_int,not_lpsm,388000,sb,pr,home,1U,6480,EXP,634,EXP,55-64,to_inst,60.95360825,central,direct,0,48
26071,2019,cf,Male,pre,type1,p1,l2,nopc,nob/c,216500,4.125,0.383,3419.15,360,not_neg,not_int,not_lpsm,258000,sb,pr,home,1U,3180,CRIF,840,CIB,25-34,to_inst,83.91472868,North,direct,0,34
26072,2019,cf,Sex Not Available,nopre,type1,p4,l1,nopc,nob/c,126500,,,,120,not_neg,not_int,not_lpsm,,sb,sr,home,1U,13680,EQUI,723,EXP,45-54,to_inst,,south,direct,1,
26073,2019,ncf,Male,nopre,type1,p3,l1,nopc,nob/c,286500,4.625,0.6372,7442,360,not_neg,not_int,not_lpsm,368000,sb,pr,home,1U,5820,CIB,875,CIB,55-64,to_inst,77.85326087,south,direct,0,43
26074,2019,cf,Joint,pre,type1,p1,l2,nopc,nob/c,196500,4.125,0.3453,0,360,not_neg,not_int,not_lpsm,218000,sb,pr,home,1U,2040,EXP,879,EXP,35-44,to_inst,90.13761468,North,direct,0,47
26075,2019,cf,Female,pre,type1,p1,l1,nopc,nob/c,186500,,,,360,not_neg,not_int,not_lpsm,,sb,pr,home,1U,2760,EQUI,579,EXP,35-44,to_inst,,North,direct,1,
26076,2019,cf,Sex Not Available,nopre,type1,p3,l1,nopc,nob/c,316500,4.375,0.3254,578.72,360,not_neg,not_int,not_lpsm,398000,sb,pr,home,1U,3660,EXP,646,CIB,35-44,not_inst,79.52261307,south,direct,0,49
26077,2019,cf,Male,nopre,type1,p3,l1,nopc,nob/c,106500,,,,,neg_amm,not_int,not_lpsm,,sb,pr,home,1U,3420,EQUI,824,EXP,65-74,to_inst,,south,direct,1,
26078,2019,cf,Joint,nopre,type1,p3,l1,nopc,nob/c,226500,3.625,0.1444,2744,360,not_neg,not_int,not_lpsm,288000,sb,pr,home,1U,6240,CRIF,593,EXP,>74,not_inst,78.64583333,North,direct,0,30
26079,2019,cf,Joint,nopre,type1,p1,l1,nopc,nob/c,216500,,,,360,not_neg,not_int,not_lpsm,,sb,pr,home,1U,3600,EQUI,669,EXP,55-64,to_inst,,North,direct,1,
26080,2019,cf,Female,nopre,type1,p3,l1,nopc,nob/c,236500,3.875,0.2716,4512.45,360,not_neg,not_int,not_lpsm,438000,sb,pr,home,1U,2520,CRIF,819,CIB,>74,to_inst,53.99543379,North,direct,0,39
26081,2019,cf,Male,pre,type2,p1,l1,nopc,b/c,476500,3.5,0.719,771.47,360,not_neg,not_int,not_lpsm,488000,sb,pr,home,1U,11940,CRIF,729,CIB,35-44,not_inst,97.64344262,North,direct,0,30
26082,2019,cf,Female,nopre,type1,p3,l1,nopc,nob/c,266500,4.375,1.0044,4175,360,not_neg,not_int,not_lpsm,438000,sb,pr,home,1U,6720,EXP,602,EXP,>74,to_inst,60.84474886,south,direct,0,36
26083,2019,cf,Male,nopre,type1,p3,l1,nopc,nob/c,166500,,,,360,not_neg,not_int,not_lpsm,,sb,pr,home,1U,3420,EQUI,514,EXP,45-54,to_inst,,south,direct,1,
26084,2019,ncf,Sex Not Available,nopre,type1,p3,l1,nopc,nob/c,246500,4.625,1.249,3385,180,not_neg,not_int,not_lpsm,308000,sb,pr,home,1U,5400,CIB,571,EXP,35-44,to_inst,80.03246753,south,direct,0,49
26085,2019,cf,Sex Not Available,nopre,type3,p4,l1,nopc,nob/c,526500,3.375,-0.1584,6172.07,360,not_neg,not_int,not_lpsm,608000,sb,pr,home,1U,,EXP,816,EXP,>74,to_inst,86.59539474,south,direct,0,
26086,2019,cf,Female,nopre,type1,p3,l1,nopc,nob/c,296500,4,-0.0859,79.5,360,not_neg,not_int,not_lpsm,708000,sb,pr,home,1U,4260,CIB,524,CIB,>74,not_inst,41.87853107,south,direct,0,37
26087,2019,cf,Female,,type1,p1,l1,nopc,nob/c,296500,4.375,0.126,1150,360,not_neg,not_int,not_lpsm,358000,sb,pr,home,1U,10740,CIB,632,CIB,35-44,not_inst,82.82122905,North,direct,0,31
26088,2019,cf,Joint,nopre,type1,p3,l1,nopc,nob/c,326500,4.375,0.7431,4350,240,not_neg,not_int,not_lpsm,408000,sb,pr,home,1U,6120,CIB,539,EXP,55-64,to_inst,80.0245098,North,direct,0,46
26089,2019,cf,Sex Not Available,nopre,type1,p3,l1,nopc,nob/c,106500,4.375,0.2614,3098.2,360,neg_amm,not_int,not_lpsm,188000,sb,pr,home,1U,1380,CIB,626,CIB,65-74,to_inst,56.64893617,south,direct,0,49
26090,2019,cf,Sex Not Available,nopre,type1,p4,l1,nopc,nob/c,386500,,,,360,not_neg,not_int,lpsm,,sb,sr,home,1U,14160,EQUI,766,EXP,55-64,to_inst,,south,direct,1,
26091,2019,cf,Joint,pre,type1,p4,l1,nopc,nob/c,416500,4.25,-0.0825,0,360,not_neg,not_int,not_lpsm,528000,sb,pr,home,1U,10200,EXP,705,EXP,35-44,not_inst,78.88257576,North,direct,0,38
26092,2019,cf,Male,nopre,type3,p3,l1,nopc,nob/c,156500,3.875,1.1467,,180,neg_amm,not_int,not_lpsm,1008000,sb,pr,home,1U,4260,CIB,620,EXP,65-74,to_inst,15.52579365,south,direct,0,37
26093,2019,cf,Sex Not Available,nopre,type1,p4,l1,nopc,nob/c,326500,3.5,-0.0157,5232.5,360,not_neg,not_int,not_lpsm,458000,sb,pr,home,1U,4920,EXP,863,EXP,45-54,not_inst,71.28820961,south,direct,0,28
26094,2019,cf,Female,nopre,type1,p4,l1,nopc,nob/c,486500,3.625,-0.1705,145.56,360,not_neg,not_int,not_lpsm,848000,sb,pr,home,1U,7800,CIB,793,CIB,55-64,not_inst,57.37028302,North,direct,0,37
26095,2019,cf,Male,pre,type1,p3,l1,nopc,nob/c,106500,,,,360,not_neg,not_int,not_lpsm,158000,sb,pr,home,1U,1740,CIB,538,CIB,65-74,to_inst,67.40506329,North,direct,1,44
26096,2019,ncf,Male,pre,type1,p4,l1,nopc,nob/c,556500,4.25,0.2712,8494.28,360,not_neg,not_int,not_lpsm,748000,sb,pr,home,1U,12060,CRIF,598,CIB,25-34,not_inst,74.39839572,North,direct,0,29
26097,2019,cf,Sex Not Available,nopre,type1,p4,l1,nopc,nob/c,436500,2.99,0.2873,13434.16,180,not_neg,not_int,not_lpsm,608000,sb,sr,home,1U,7260,EXP,626,EXP,55-64,to_inst,71.79276316,south,direct,0,43
26098,2019,cf,Female,nopre,type1,p2,l1,nopc,nob/c,116500,,,,360,not_neg,not_int,not_lpsm,148000,sb,ir,home,1U,7320,CRIF,812,CIB,35-44,to_inst,78.71621622,North,direct,1,42
26099,2019,cf,Joint,nopre,type1,p1,l1,nopc,nob/c,266500,3.875,0.5071,5499.9,360,not_neg,not_int,not_lpsm,278000,sb,pr,home,1U,5640,CRIF,851,EXP,25-34,to_inst,95.86330935,North,direct,0,44
26100,2019,cf,Sex Not Available,nopre,type1,p4,l1,nopc,nob/c,156500,,,,360,not_neg,not_int,not_lpsm,,sb,pr,home,1U,2220,EQUI,529,EXP,35-44,to_inst,,south,direct,1,
26101,2019,cf,Joint,nopre,type1,p1,l1,nopc,nob/c,386500,4.5,0.723,0,360,not_neg,not_int,not_lpsm,398000,sb,pr,home,1U,4920,CIB,789,EXP,25-34,not_inst,97.11055276,North,direct,0,49
26102,2019,cf,Joint,nopre,type1,p1,l1,nopc,nob/c,536500,4,0.6209,2461.73,360,not_neg,not_int,not_lpsm,638000,sb,pr,home,1U,7140,EXP,844,EXP,25-34,not_inst,84.09090909,North,direct,0,39
26103,2019,,Sex Not Available,nopre,type1,p1,l1,nopc,nob/c,236500,3.75,0.1536,2199,360,not_neg,not_int,not_lpsm,258000,sb,pr,home,1U,2760,EXP,884,EXP,25-34,to_inst,91.66666667,south,direct,0,49
26104,2019,cf,Sex Not Available,nopre,type1,p3,l1,nopc,nob/c,356500,4.875,0.7728,3000,360,not_neg,not_int,not_lpsm,448000,sb,pr,home,1U,4440,CRIF,767,EXP,55-64,to_inst,79.57589286,south,direct,0,44
26105,2019,cf,Joint,nopre,type2,p3,l1,nopc,b/c,436500,3.125,0.0888,0,360,not_neg,not_int,not_lpsm,538000,sb,pr,home,1U,7560,CRIF,778,EXP,45-54,not_inst,81.133829,south,direct,0,36
26106,2019,cf,Joint,nopre,type1,p4,l1,nopc,nob/c,436500,4.875,0.7395,0,360,not_neg,not_int,not_lpsm,578000,sb,pr,home,1U,9420,CIB,852,EXP,35-44,not_inst,75.51903114,central,direct,0,38
26107,2019,cf,Female,nopre,type1,p4,l1,nopc,nob/c,516500,3.25,-0.4198,1000,360,not_neg,not_int,not_lpsm,908000,sb,pr,home,1U,4980,CIB,839,CIB,45-54,not_inst,56.88325991,North,direct,0,46
26108,2019,cf,Sex Not Available,nopre,type2,p3,l1,nopc,b/c,216500,3.99,1.1381,2873.65,360,not_neg,not_int,not_lpsm,268000,sb,pr,home,1U,6600,CRIF,747,CIB,25-34,to_inst,80.78358209,south,direct,0,30
26109,2019,ncf,Sex Not Available,nopre,type2,p3,l1,nopc,b/c,346500,4.5,,2062.49,324,neg_amm,not_int,not_lpsm,418000,sb,pr,home,1U,,EQUI,864,EXP,,NA,82.89473684,south,direct,1,
26110,2019,cf,Female,pre,type1,p3,l1,nopc,nob/c,226500,4.99,0.6981,2274,360,not_neg,not_int,not_lpsm,288000,sb,pr,home,1U,3240,CRIF,837,CIB,35-44,to_inst,78.64583333,central,direct,0,36
26111,2019,cf,Female,nopre,type1,p1,l1,nopc,nob/c,616500,3.625,0.048,5104.62,360,not_neg,not_int,not_lpsm,768000,sb,pr,home,1U,5460,CRIF,672,CIB,35-44,not_inst,80.2734375,central,direct,0,49
26112,2019,cf,Joint,nopre,type1,p4,l1,nopc,nob/c,606500,,,,360,not_neg,not_int,not_lpsm,1308000,sb,pr,home,1U,20280,CRIF,628,EXP,45-54,not_inst,46.36850153,North,direct,1,21
26113,2019,cf,Male,nopre,type1,p3,l1,nopc,nob/c,76500,4.5,1.2726,2650,180,not_neg,not_int,not_lpsm,148000,sb,pr,home,1U,1860,CIB,702,CIB,65-74,to_inst,51.68918919,North,direct,0,48
26114,2019,cf,Male,nopre,type1,p4,l1,nopc,nob/c,526500,3.99,0.3849,635.14,360,not_neg,not_int,not_lpsm,658000,sb,pr,home,1U,11400,CRIF,579,CIB,<25,not_inst,80.01519757,south,direct,0,29
26115,2019,cf,Joint,nopre,type1,p4,l1,nopc,nob/c,126500,3.5,0.238,4671.91,360,not_neg,not_int,not_lpsm,208000,sb,pr,home,1U,4920,CIB,811,EXP,25-34,to_inst,60.81730769,North,direct,0,45
26116,2019,cf,Sex Not Available,nopre,type1,p3,l1,nopc,nob/c,416500,,,,360,not_neg,not_int,not_lpsm,708000,sb,pr,home,1U,8700,EXP,663,EXP,55-64,not_inst,58.82768362,south,direct,1,47
26117,2019,cf,Sex Not Available,nopre,type1,p4,l1,nopc,nob/c,556500,4.875,0.4156,1150,360,not_neg,not_int,not_lpsm,1368000,sb,pr,home,1U,6060,CIB,807,EXP,55-64,to_inst,40.67982456,south,direct,0,46
26118,2019,cf,Joint,nopre,type1,p3,l1,nopc,nob/c,356500,4.25,1.0457,0,240,not_neg,not_int,not_lpsm,668000,sb,pr,home,1U,6960,EXP,831,EXP,55-64,not_inst,53.36826347,North,direct,0,30
26119,2019,cf,Female,nopre,type1,p4,l1,nopc,nob/c,396500,,,,360,not_neg,not_int,not_lpsm,908000,sb,pr,home,1U,6840,EXP,626,CIB,35-44,not_inst,43.66740088,North,direct,1,35
26120,2019,cf,Male,nopre,type1,p1,l1,nopc,nob/c,176500,4.625,1.1969,1248.82,360,not_neg,not_int,not_lpsm,188000,sb,pr,home,1U,3060,CIB,681,CIB,25-34,to_inst,93.88297872,North,direct,0,44
26121,2019,ncf,Male,pre,type1,p4,l1,nopc,nob/c,636500,,,,360,not_neg,not_int,not_lpsm,758000,sb,pr,home,1U,7320,CIB,523,CIB,45-54,not_inst,83.97097625,North,direct,1,54
26122,2019,cf,Joint,nopre,type1,p1,l1,nopc,nob/c,406500,4.125,0.0882,1411,360,not_neg,not_int,not_lpsm,558000,sb,pr,home,1U,9480,EXP,849,EXP,35-44,not_inst,72.84946237,North,direct,0,32
26123,2019,cf,Joint,pre,type2,p1,l1,nopc,b/c,146500,3.99,1.3955,3156.99,360,not_neg,not_int,not_lpsm,148000,sb,pr,home,1U,5640,CIB,801,EXP,25-34,to_inst,98.98648649,North,direct,0,40
26124,2019,cf,Sex Not Available,nopre,type1,p3,l1,nopc,nob/c,176500,3.99,0.4201,4593.75,360,not_neg,not_int,not_lpsm,328000,sb,pr,home,1U,2580,EXP,610,CIB,55-64,to_inst,53.81097561,south,direct,0,40
26125,2019,cf,Female,nopre,type1,p3,l1,nopc,nob/c,536500,4.25,0.91,15162.5,360,not_neg,not_int,not_lpsm,818000,sb,pr,home,1U,5280,CRIF,607,CIB,55-64,to_inst,65.58679707,North,direct,0,42
26126,2019,cf,Sex Not Available,pre,type1,p1,l1,nopc,nob/c,206500,3.99,0.6811,4117.56,360,not_neg,not_int,not_lpsm,218000,sb,pr,home,1U,3660,EXP,768,EXP,35-44,to_inst,94.72477064,south,direct,0,39
26127,2019,cf,Sex Not Available,nopre,type3,p3,l1,nopc,nob/c,216500,4.375,0.8383,2097,360,not_neg,not_int,not_lpsm,238000,sb,pr,home,1U,7980,CRIF,545,EXP,45-54,to_inst,90.96638655,south,direct,0,38
26128,2019,cf,Joint,nopre,type2,p4,l1,nopc,b/c,286500,3.625,0.7543,0,360,not_neg,not_int,not_lpsm,298000,sb,pr,home,1U,,CRIF,673,EXP,55-64,not_inst,96.1409396,North,direct,0,
26129,2019,ncf,Joint,nopre,type1,p3,l1,nopc,nob/c,746500,3.99,-0.1988,1150,360,not_neg,not_int,not_lpsm,1238000,sb,pr,home,1U,25140,CRIF,663,EXP,55-64,to_inst,60.29886914,North,direct,0,31
26130,2019,cf,Male,nopre,type1,p4,l1,nopc,nob/c,196500,3.375,0.3454,3263.17,240,not_neg,not_int,not_lpsm,328000,sb,pr,home,1U,10920,CRIF,685,EXP,45-54,to_inst,59.90853659,North,direct,0,21
26131,2019,cf,Female,nopre,type1,p3,l1,nopc,nob/c,566500,5,1.2601,1693,360,not_neg,not_int,lpsm,708000,sb,pr,home,1U,9960,EXP,705,CIB,65-74,not_inst,80.01412429,North,direct,0,38
26132,2019,cf,Male,nopre,type3,p4,l1,nopc,nob/c,326500,2.875,-0.6649,,360,neg_amm,not_int,not_lpsm,498000,sb,pr,home,1U,,CIB,766,CIB,>74,not_inst,65.562249,North-East,direct,0,
26133,2019,cf,Sex Not Available,nopre,type1,p3,l1,nopc,nob/c,216500,,,,180,not_neg,not_int,not_lpsm,308000,sb,pr,home,1U,2160,CIB,805,CIB,55-64,to_inst,70.29220779,south,direct,1,42
26134,2019,cf,Male,nopre,type1,p3,l1,nopc,nob/c,416500,4.375,-0.0482,1682.5,360,not_neg,not_int,not_lpsm,618000,sb,pr,home,1U,6120,CRIF,685,CIB,45-54,not_inst,67.39482201,North,direct,0,40
26135,2019,cf,Sex Not Available,nopre,type2,p4,l1,nopc,b/c,276500,,,,360,not_neg,not_int,not_lpsm,328000,sb,pr,home,1U,,CIB,855,CIB,45-54,to_inst,84.29878049,south,direct,1,
26136,2019,cf,Sex Not Available,nopre,type2,p3,l1,nopc,b/c,106500,3.375,1.1269,3543.75,180,not_neg,not_int,not_lpsm,208000,sb,pr,home,1U,1620,EXP,861,CIB,55-64,to_inst,51.20192308,south,direct,0,47
26137,2019,cf,Female,nopre,type2,p3,l1,nopc,b/c,626500,,,,360,not_neg,not_int,not_lpsm,,sb,pr,home,1U,6180,EQUI,861,EXP,>74,to_inst,,North-East,direct,1,
26138,2019,cf,Male,nopre,type1,p1,l1,nopc,nob/c,296500,3.75,0.236,1719,360,not_neg,not_int,not_lpsm,318000,sb,pr,home,1U,5880,CIB,568,CIB,35-44,not_inst,93.23899371,North,direct,0,49
26139,2019,cf,Joint,pre,type1,p4,l1,nopc,nob/c,146500,,,,180,not_neg,not_int,not_lpsm,208000,sb,pr,home,1U,2520,CRIF,513,EXP,55-64,to_inst,70.43269231,North,direct,1,36
26140,2019,cf,Sex Not Available,nopre,type1,p2,l1,nopc,nob/c,76500,4.99,0.8876,2368.75,360,neg_amm,not_int,not_lpsm,418000,sb,pr,home,1U,2460,EXP,578,CIB,55-64,to_inst,18.30143541,south,direct,0,49
26141,2019,cf,Male,nopre,type1,p1,l1,nopc,nob/c,416500,4.75,-0.1337,4271.88,360,not_neg,not_int,not_lpsm,558000,sb,pr,home,1U,14760,CIB,682,CIB,45-54,to_inst,74.64157706,North,direct,0,33
26142,2019,cf,Joint,nopre,type1,p4,l1,nopc,nob/c,366500,3.75,0.18,755.92,360,not_neg,not_int,not_lpsm,528000,sb,pr,home,1U,5460,EXP,553,EXP,35-44,not_inst,69.41287879,North,direct,0,36
26143,2019,cf,Joint,nopre,type1,p4,l1,nopc,nob/c,116500,4.5,1.2791,3430.63,312,not_neg,not_int,not_lpsm,138000,sb,pr,home,1U,4920,CIB,757,EXP,45-54,to_inst,84.42028986,North,direct,0,30
26144,2019,cf,Sex Not Available,nopre,type1,p4,l1,nopc,nob/c,226500,4.75,0.533,0,324,not_neg,not_int,not_lpsm,328000,sb,pr,home,1U,6840,CIB,722,CIB,65-74,to_inst,69.05487805,south,direct,0,29
26145,2019,cf,Male,nopre,type1,p3,l1,nopc,nob/c,486500,4.875,0.8195,910.78,360,not_neg,not_int,not_lpsm,658000,sb,pr,home,1U,6000,EXP,877,CIB,45-54,not_inst,73.93617021,North,direct,0,44
26146,2019,cf,Female,nopre,type1,p1,l1,nopc,nob/c,486500,3.75,0.0575,308.36,360,not_neg,not_int,not_lpsm,618000,sb,pr,home,1U,4560,CIB,800,CIB,45-54,not_inst,78.72168285,North,direct,0,46
26147,2019,cf,Male,nopre,type1,p4,l1,nopc,nob/c,216500,,,,180,neg_amm,not_int,not_lpsm,,sb,pr,home,1U,3900,EQUI,729,EXP,55-64,to_inst,,central,direct,1,
26148,2019,cf,Joint,pre,type1,p3,l1,nopc,nob/c,146500,4.625,1.1705,4657.08,360,not_neg,not_int,not_lpsm,188000,sb,pr,home,1U,5040,CRIF,762,EXP,65-74,to_inst,77.92553191,North,direct,0,37
26149,2019,ncf,Female,nopre,type1,p3,l1,nopc,nob/c,346500,4.99,0.752,0,360,not_neg,not_int,not_lpsm,588000,sb,pr,home,1U,11340,CRIF,777,CIB,55-64,to_inst,58.92857143,North,direct,0,7
26150,2019,cf,Male,pre,type1,p2,l1,nopc,nob/c,256500,3.625,-0.2133,74,360,not_neg,not_int,not_lpsm,908000,sb,sr,home,1U,10740,CIB,852,CIB,35-44,not_inst,28.24889868,south,direct,0,48
26151,2019,cf,Female,nopre,type1,p3,l1,nopc,nob/c,396500,4.625,0.3913,6096.03,360,not_neg,not_int,not_lpsm,598000,sb,pr,home,1U,8700,EXP,714,CIB,55-64,to_inst,66.30434783,North,direct,0,26
26152,2019,cf,Joint,pre,type3,p1,l1,nopc,nob/c,226500,3.625,-0.0718,0,360,not_neg,not_int,not_lpsm,288000,sb,pr,home,1U,5400,CRIF,892,EXP,45-54,not_inst,78.64583333,North,direct,0,20
26153,2019,cf,Female,nopre,type1,p3,l1,nopc,nob/c,676500,3.375,-0.0937,17772.8,360,neg_amm,int_only,not_lpsm,1908000,sb,pr,home,1U,11820,CIB,670,EXP,55-64,to_inst,35.45597484,North,direct,0,32
26154,2019,cf,Sex Not Available,pre,type1,p1,l1,nopc,nob/c,316500,,,,360,not_neg,not_int,not_lpsm,,sb,ir,home,1U,26400,EQUI,765,EXP,35-44,to_inst,,south,direct,1,
26155,2019,,Sex Not Available,nopre,type1,p1,l1,nopc,nob/c,236500,4,0.0055,0,360,not_neg,not_int,not_lpsm,268000,sb,pr,home,1U,2760,CRIF,852,CIB,25-34,not_inst,88.24626866,North,direct,0,41
26156,2019,cf,Male,nopre,type3,p3,l1,nopc,nob/c,166500,,,,360,not_neg,not_int,lpsm,158000,sb,pr,home,1U,2820,CRIF,753,CIB,65-74,to_inst,105.3797468,North,direct,1,31
26157,2019,cf,Joint,nopre,type1,p3,l1,nopc,nob/c,366500,3.625,-0.1734,117,360,not_neg,not_int,not_lpsm,2788000,sb,pr,home,1U,11220,CRIF,694,EXP,55-64,not_inst,13.1456241,North,direct,0,37
26158,2019,cf,Female,nopre,type1,p1,l1,nopc,nob/c,306500,,,,360,not_neg,not_int,not_lpsm,428000,sb,ir,home,1U,420,CRIF,665,CIB,35-44,to_inst,71.61214953,North,direct,1,6
26159,2019,ncf,Joint,nopre,type1,p3,l1,nopc,nob/c,396500,4.125,0.2007,7235,360,not_neg,not_int,not_lpsm,578000,sb,pr,home,1U,8820,CIB,898,EXP,55-64,to_inst,68.59861592,North,direct,0,28
26160,2019,cf,Male,pre,type1,p3,l1,nopc,nob/c,366500,4.125,0.3411,0,360,not_neg,not_int,not_lpsm,488000,sb,pr,home,1U,4080,CIB,674,CIB,25-34,not_inst,75.10245902,North,direct,0,48
26161,2019,cf,Male,pre,type1,p3,l1,nopc,nob/c,336500,3.99,0.5891,11781.25,300,not_neg,not_int,not_lpsm,518000,sb,pr,home,1U,6240,CIB,733,CIB,45-54,to_inst,64.96138996,North,direct,0,21
26162,2019,ncf,Joint,nopre,type2,p4,l1,nopc,b/c,736500,4.75,1.896,6509.07,360,not_neg,not_int,not_lpsm,808000,sb,pr,home,1U,12540,CRIF,826,EXP,35-44,not_inst,91.1509901,North,direct,0,45
26163,2019,cf,Male,nopre,type1,p1,l1,nopc,nob/c,446500,4.875,0.4061,0,360,neg_amm,not_int,not_lpsm,468000,sb,pr,home,1U,5280,CIB,847,CIB,25-34,not_inst,95.40598291,North,direct,0,43
26164,2019,cf,Female,nopre,type1,p4,l1,nopc,nob/c,236500,,,,360,not_neg,not_int,not_lpsm,258000,sb,pr,home,1U,5940,CRIF,780,EXP,25-34,to_inst,91.66666667,south,direct,1,32
26165,2019,cf,Joint,nopre,type2,p4,l1,nopc,b/c,226500,4.625,1.4396,978.96,180,not_neg,not_int,not_lpsm,258000,sb,pr,home,1U,6660,CIB,638,EXP,55-64,not_inst,87.79069767,south,direct,0,48
26166,2019,cf,Joint,nopre,type1,p1,l1,nopc,nob/c,256500,3.5,-0.142,634,360,not_neg,not_int,not_lpsm,658000,sb,pr,home,1U,5400,CRIF,644,EXP,55-64,not_inst,38.98176292,North,direct,0,31
26167,2019,cf,Female,nopre,type1,p4,l1,nopc,nob/c,556500,4.99,0.442,0,360,not_neg,not_int,not_lpsm,778000,sb,pr,home,1U,9840,CRIF,885,EXP,25-34,not_inst,71.52956298,North,direct,0,44
26168,2019,cf,Sex Not Available,nopre,type1,p3,l1,nopc,nob/c,136500,,,,360,not_neg,not_int,not_lpsm,168000,sb,pr,home,1U,1920,CRIF,759,CIB,25-34,to_inst,81.25,south,direct,1,51
26169,2019,cf,Sex Not Available,nopre,type1,p4,l1,nopc,nob/c,426500,3.875,-0.1878,1109.5,360,not_neg,not_int,not_lpsm,618000,sb,pr,home,1U,7200,CRIF,719,CIB,45-54,not_inst,69.01294498,south,direct,0,22
26170,2019,cf,Male,nopre,type1,p3,l1,nopc,nob/c,266500,4.75,0.7204,3810,240,not_neg,not_int,not_lpsm,388000,sb,pr,home,1U,12900,CRIF,598,CIB,45-54,to_inst,68.68556701,North,direct,0,27
26171,2019,cf,Female,nopre,type2,p3,l1,nopc,b/c,226500,,,,360,neg_amm,not_int,not_lpsm,,sb,pr,home,1U,3900,EQUI,501,EXP,45-54,not_inst,,North,direct,1,
26172,2019,cf,Male,nopre,type1,p3,l1,nopc,nob/c,246500,4.125,0.197,7220.75,360,not_neg,not_int,not_lpsm,508000,sb,pr,home,1U,2880,CRIF,614,CIB,45-54,to_inst,48.52362205,North,direct,0,45
26173,2019,cf,Female,nopre,type1,p3,l1,nopc,nob/c,276500,3.99,0.1525,3699,132,not_neg,int_only,not_lpsm,368000,sb,pr,home,1U,13560,EXP,508,CIB,45-54,not_inst,75.13586957,south,direct,0,37
26174,2019,cf,Male,nopre,type1,p4,l1,nopc,nob/c,256500,4.375,0.468,4690,360,not_neg,not_int,not_lpsm,498000,sb,ir,home,2U,6720,CRIF,553,CIB,45-54,not_inst,51.5060241,North,direct,0,27
26175,2019,cf,Female,,type1,p4,l1,nopc,nob/c,166500,4.625,0.5499,5147.75,360,not_neg,not_int,not_lpsm,208000,sb,pr,home,1U,2820,CRIF,669,CIB,65-74,to_inst,80.04807692,North,direct,0,39
26176,2019,cf,Joint,nopre,type1,p3,l1,nopc,nob/c,276500,4.5,0.3161,3875,360,not_neg,not_int,not_lpsm,428000,sb,pr,home,1U,3720,CRIF,512,EXP,65-74,to_inst,64.60280374,North,direct,0,36
26177,2019,cf,Female,pre,type2,p1,l1,nopc,b/c,586500,3.99,1.2125,0,360,not_neg,not_int,not_lpsm,598000,sb,pr,home,1U,8160,CRIF,888,CIB,45-54,to_inst,98.07692308,North,direct,0,53
26178,2019,cf,Sex Not Available,pre,type1,p4,l1,nopc,nob/c,446500,3.625,0.0931,13047.41,360,not_neg,not_int,not_lpsm,688000,sb,pr,home,1U,4800,CIB,794,EXP,65-74,to_inst,64.89825581,south,direct,0,60
26179,2019,cf,Sex Not Available,pre,type1,p4,l1,nopc,nob/c,266500,,,,240,not_neg,not_int,not_lpsm,368000,sb,pr,home,1U,6600,EXP,636,EXP,45-54,to_inst,72.41847826,south,direct,1,45
26180,2019,cf,Sex Not Available,nopre,type2,p4,l2,nopc,b/c,146500,,,,300,neg_amm,not_int,not_lpsm,168000,sb,pr,home,1U,4860,EXP,591,EXP,65-74,to_inst,87.20238095,south,direct,1,47
26181,2019,cf,Female,nopre,type1,p3,l1,nopc,nob/c,156500,4.5,0.9474,4586,360,not_neg,not_int,not_lpsm,228000,sb,pr,home,1U,2940,CRIF,798,CIB,65-74,to_inst,68.64035088,central,direct,0,36
26182,2019,cf,Sex Not Available,nopre,type1,p3,l1,nopc,nob/c,286500,3.625,0.6026,5510,240,not_neg,not_int,not_lpsm,508000,sb,pr,home,1U,5400,EXP,856,EXP,45-54,to_inst,56.3976378,south,direct,0,37
26183,2019,cf,Male,nopre,type1,p3,l1,nopc,nob/c,516500,4.99,1.2382,1196.22,360,not_neg,not_int,lpsm,928000,sb,ir,home,4U,4260,CRIF,771,CIB,65-74,not_inst,55.65732759,North,direct,0,30
26184,2019,cf,Sex Not Available,nopre,type1,p4,l1,nopc,nob/c,126500,4.99,0.935,4622.36,360,not_neg,not_int,not_lpsm,188000,sb,pr,home,1U,1200,EXP,523,CIB,35-44,to_inst,67.28723404,south,direct,0,49
26185,2019,cf,Joint,nopre,type1,p1,l1,nopc,nob/c,246500,3.99,0.292,0,360,not_neg,not_int,not_lpsm,488000,sb,pr,home,1U,4740,CIB,890,EXP,65-74,not_inst,50.51229508,central,direct,0,36
26186,2019,cf,Sex Not Available,nopre,type1,p4,l1,nopc,nob/c,136500,3.75,0.8043,,240,not_neg,not_int,not_lpsm,198000,sb,pr,home,1U,3240,CIB,597,EXP,>74,to_inst,68.93939394,south,direct,0,30
26187,2019,cf,Male,nopre,type1,p3,l1,nopc,nob/c,276500,,,,360,not_neg,not_int,not_lpsm,,sb,pr,home,1U,3600,EQUI,724,EXP,35-44,to_inst,,North,direct,1,
26188,2019,cf,Male,nopre,type1,p1,l1,nopc,nob/c,96500,,,,360,not_neg,not_int,not_lpsm,,sb,ir,home,1U,2040,EQUI,728,EXP,45-54,to_inst,,south,direct,1,
26189,2019,cf,Joint,nopre,type1,p1,l2,nopc,nob/c,426500,4.18,-0.1632,1269.96,360,not_neg,not_int,not_lpsm,538000,sb,pr,home,1U,9540,CIB,548,EXP,35-44,not_inst,79.27509294,North,direct,0,43
26190,2019,cf,Joint,nopre,type1,p4,l1,nopc,nob/c,616500,4.5,0.6295,17311.06,360,not_neg,not_int,not_lpsm,748000,sb,pr,home,1U,13680,CRIF,794,EXP,55-64,to_inst,82.4197861,North,direct,0,40
26191,2019,cf,Female,nopre,type1,p3,l1,nopc,nob/c,146500,4.625,0.9208,0,360,not_neg,not_int,not_lpsm,1058000,sb,pr,home,1U,1920,EXP,596,CIB,>74,not_inst,13.84688091,south,direct,0,43
26192,2019,ncf,Sex Not Available,nopre,type3,p4,l1,nopc,nob/c,716500,3.75,-0.4688,4172.68,360,not_neg,not_int,not_lpsm,808000,sb,pr,home,1U,,EXP,783,CIB,45-54,to_inst,88.67574257,south,direct,0,
26193,2019,cf,Male,nopre,type1,p3,l1,nopc,nob/c,216500,3.75,-0.2117,8640,360,not_neg,not_int,not_lpsm,458000,sb,pr,home,1U,6120,CRIF,887,EXP,65-74,to_inst,47.27074236,North,direct,0,43
26194,2019,cf,Joint,nopre,type3,p3,l1,nopc,nob/c,426500,2.875,-0.5742,3656.77,360,not_neg,not_int,not_lpsm,508000,sb,pr,home,1U,9000,CRIF,854,EXP,35-44,not_inst,83.95669291,North,direct,0,38
26195,2019,cf,Male,nopre,type1,p4,l1,nopc,nob/c,316500,3.125,-0.5001,5304.72,360,not_neg,not_int,not_lpsm,658000,sb,pr,home,1U,4380,CIB,566,CIB,45-54,not_inst,48.10030395,North,direct,0,34
26196,2019,cf,Female,pre,type1,p3,l1,nopc,nob/c,206500,,,,360,not_neg,not_int,not_lpsm,318000,sb,ir,home,1U,6000,CRIF,891,CIB,65-74,to_inst,64.93710692,North,direct,1,30
26197,2019,cf,Male,nopre,type1,p3,l1,nopc,nob/c,256500,,,,360,not_neg,not_int,lpsm,,sb,pr,home,1U,3060,EQUI,671,EXP,>74,to_inst,,south,direct,1,
26198,2019,cf,Sex Not Available,nopre,type1,p4,l1,nopc,nob/c,266500,3.25,-0.2312,8630.8,360,not_neg,not_int,not_lpsm,998000,sb,pr,home,1U,5040,CRIF,607,EXP,>74,to_inst,26.70340681,south,direct,0,48
26199,2019,cf,Joint,nopre,type1,p3,l1,nopc,nob/c,726500,3.625,-0.1591,3026,360,not_neg,not_int,not_lpsm,1438000,sb,pr,home,1U,11100,CRIF,536,EXP,35-44,not_inst,50.52155772,south,direct,0,30
26200,2019,,Sex Not Available,nopre,type1,p1,l1,nopc,nob/c,476500,,,,360,neg_amm,not_int,not_lpsm,,sb,pr,home,1U,6060,EQUI,583,EXP,35-44,not_inst,,south,direct,1,
26201,2019,cf,Sex Not Available,nopre,type1,p3,l1,nopc,nob/c,246500,5.19,1.1564,6420,360,not_neg,not_int,not_lpsm,318000,sb,pr,home,1U,7680,CRIF,619,CIB,45-54,to_inst,77.51572327,south,direct,0,40
26202,2019,cf,Sex Not Available,pre,type1,p1,l1,nopc,nob/c,316500,4.99,0.8465,0,360,not_neg,not_int,not_lpsm,328000,sb,pr,home,1U,17760,EXP,506,EXP,55-64,to_inst,96.49390244,south,direct,0,31
26203,2019,cf,Joint,nopre,type1,p4,l1,nopc,nob/c,596500,3.625,-0.0057,0,360,neg_amm,int_only,not_lpsm,998000,sb,pr,home,1U,12240,CIB,568,EXP,45-54,not_inst,59.76953908,North,direct,0,24
26204,2019,cf,Female,nopre,type1,p4,l1,nopc,nob/c,426500,3.75,0.018,1098.94,360,not_neg,int_only,not_lpsm,548000,sb,pr,home,1U,6360,CIB,822,CIB,35-44,not_inst,77.82846715,south,direct,0,40
26205,2019,cf,Sex Not Available,nopre,type1,p4,l1,nopc,nob/c,426500,4.99,0.344,0,360,not_neg,not_int,not_lpsm,588000,sb,ir,home,1U,38220,CIB,744,CIB,65-74,not_inst,72.53401361,south,direct,0,39
26206,2019,cf,Female,nopre,type1,p4,l1,nopc,nob/c,446500,3.5,-0.0192,0,360,not_neg,not_int,not_lpsm,798000,sb,pr,home,1U,5100,CIB,720,CIB,55-64,to_inst,55.95238095,North,direct,0,42
26207,2019,ncf,Male,nopre,type1,p4,l1,nopc,nob/c,896500,3.75,0.1603,12714.7,360,not_neg,not_int,not_lpsm,1148000,sb,pr,home,1U,12420,CIB,764,CIB,55-64,not_inst,78.09233449,south,direct,0,39
26208,2019,cf,Sex Not Available,pre,type3,p3,l1,nopc,nob/c,126500,,,,180,not_neg,not_int,not_lpsm,,sb,pr,home,1U,2220,EQUI,698,EXP,65-74,to_inst,,south,direct,1,
26209,2019,cf,Sex Not Available,nopre,type1,p4,l1,nopc,nob/c,186500,4.125,0.2411,,300,not_neg,not_int,not_lpsm,308000,sb,pr,home,1U,2940,EXP,525,CIB,35-44,to_inst,60.55194805,south,direct,0,41
26210,2019,cf,Sex Not Available,pre,type1,p3,l1,nopc,nob/c,386500,4.875,1.5017,7387,360,not_neg,not_int,not_lpsm,488000,sb,pr,home,1U,5400,CRIF,847,CIB,55-64,to_inst,79.20081967,south,direct,0,42
26211,2019,cf,Male,nopre,type1,p4,l1,nopc,nob/c,316500,3.875,0.2168,873.4,360,not_neg,not_int,not_lpsm,398000,sb,pr,home,1U,5400,CRIF,718,CIB,55-64,not_inst,79.52261307,North,direct,0,44
26212,2019,cf,Sex Not Available,pre,type3,p1,l1,nopc,nob/c,466500,4.125,0.6599,2325,360,not_neg,not_int,not_lpsm,468000,sb,pr,home,1U,6600,EXP,802,CIB,25-34,to_inst,99.67948718,south,direct,0,37
26213,2019,cf,Male,nopre,type1,p1,l1,nopc,nob/c,556500,3.99,0.2749,2037,360,not_neg,not_int,not_lpsm,698000,sb,pr,home,1U,13440,CIB,592,EXP,25-34,to_inst,79.7277937,North,direct,0,20
26214,2019,cf,Female,nopre,type1,p3,l1,nopc,nob/c,156500,4.56,0.4706,2837.5,360,not_neg,not_int,not_lpsm,258000,sb,pr,home,1U,1800,EXP,566,CIB,>74,to_inst,60.65891473,south,direct,0,41
26215,2019,cf,Joint,nopre,type1,p4,l1,nopc,nob/c,556500,4.25,0.044,0,360,not_neg,not_int,not_lpsm,808000,sb,pr,home,1U,7440,CIB,630,EXP,35-44,not_inst,68.87376238,North,direct,0,41
26216,2019,cf,Joint,nopre,type1,p1,l1,nopc,nob/c,306500,4.125,0.3902,2095,360,not_neg,not_int,not_lpsm,358000,sb,sr,home,1U,10800,CRIF,526,EXP,35-44,to_inst,85.61452514,south,direct,0,37
26217,2019,cf,Sex Not Available,pre,type2,p3,l1,nopc,b/c,476500,3.5,0.5806,13695.79,360,not_neg,not_int,not_lpsm,558000,sb,pr,home,1U,17460,EXP,783,EXP,45-54,to_inst,85.39426523,south,direct,0,30
26218,2019,cf,Female,pre,type2,p4,l1,nopc,b/c,236500,,,,360,not_neg,not_int,not_lpsm,188000,sb,pr,home,1U,2940,CRIF,867,CIB,65-74,to_inst,125.7978723,North,direct,1,48
26219,2019,,Female,nopre,type2,p3,l1,nopc,b/c,126500,4.25,0.9737,927.75,360,not_neg,not_int,not_lpsm,148000,sb,pr,home,1U,2580,EXP,758,CIB,55-64,to_inst,85.47297297,North,direct,0,38
26220,2019,cf,Female,nopre,type1,p3,l1,nopc,nob/c,156500,3.99,0.6106,3650,360,not_neg,not_int,not_lpsm,258000,sb,pr,home,1U,2700,CRIF,705,CIB,25-34,not_inst,60.65891473,North,direct,0,37
26221,2019,cf,Joint,nopre,type1,p4,l1,nopc,nob/c,406500,3.125,-0.0632,0,180,not_neg,not_int,not_lpsm,908000,sb,pr,home,1U,6960,CRIF,559,EXP,>74,not_inst,44.76872247,south,direct,0,39
26222,2019,cf,Female,nopre,type1,p4,l1,nopc,nob/c,566500,3.875,0.3581,0,360,not_neg,not_int,not_lpsm,808000,sb,pr,home,1U,6960,CRIF,752,CIB,35-44,not_inst,70.11138614,North,direct,0,48
26223,2019,cf,Sex Not Available,nopre,type1,p3,l1,nopc,nob/c,286500,3.99,0.496,7021,360,not_neg,not_int,not_lpsm,428000,sb,sr,home,1U,4020,CRIF,725,CIB,45-54,to_inst,66.93925234,south,direct,0,34
26224,2019,cf,Male,nopre,type1,p3,l1,nopc,nob/c,406500,,,,240,not_neg,not_int,not_lpsm,,sb,pr,home,1U,8100,EQUI,683,EXP,55-64,to_inst,,North,direct,1,
26225,2019,,Sex Not Available,nopre,type1,p4,l1,nopc,nob/c,146500,3.99,0.2256,3444.88,360,not_neg,not_int,not_lpsm,228000,sb,pr,home,1U,3720,CIB,599,CIB,35-44,to_inst,64.25438596,south,direct,0,13
26226,2019,cf,Male,pre,type1,p4,l1,nopc,nob/c,416500,,,,360,not_neg,not_int,not_lpsm,758000,sb,pr,home,1U,5100,CIB,899,CIB,25-34,to_inst,54.94722955,North,direct,1,45
26227,2019,ncf,Female,nopre,type1,p4,l2,nopc,nob/c,486500,,,,300,neg_amm,not_int,not_lpsm,758000,sb,pr,home,1U,10320,CIB,629,CIB,65-74,to_inst,64.18205805,south,direct,1,30
26228,2019,ncf,Sex Not Available,nopre,type1,p4,l1,nopc,nob/c,266500,3.99,0.0635,2250.31,300,not_neg,not_int,not_lpsm,448000,sb,pr,home,1U,4800,CRIF,686,CIB,55-64,to_inst,59.48660714,south,direct,0,38
26229,2019,cf,Male,nopre,type1,p4,l1,nopc,nob/c,366500,,,,360,neg_amm,not_int,not_lpsm,,sb,pr,home,1U,5220,EQUI,665,EXP,<25,not_inst,,south,direct,1,
26230,2019,cf,Joint,nopre,type1,p3,l1,nopc,nob/c,186500,4.56,0.4658,2820,360,not_neg,not_int,not_lpsm,318000,sb,pr,home,1U,2040,CIB,694,EXP,>74,to_inst,58.64779874,central,direct,0,44
26231,2019,cf,Joint,nopre,type2,p1,l1,nopc,b/c,196500,,,,360,not_neg,not_int,not_lpsm,238000,sb,pr,home,1U,3600,CIB,850,EXP,35-44,to_inst,82.56302521,North,direct,1,15
26232,2019,cf,Joint,nopre,type2,p4,l1,nopc,b/c,296500,3.99,0.9876,0,360,not_neg,not_int,not_lpsm,358000,sb,pr,home,1U,,CIB,566,EXP,45-54,to_inst,82.82122905,North,direct,0,
26233,2019,cf,Female,nopre,type1,p4,l1,nopc,nob/c,406500,4.375,0.425,1300,360,not_neg,not_int,not_lpsm,458000,sb,pr,home,1U,11700,CIB,671,CIB,55-64,not_inst,88.75545852,North,direct,0,21
26234,2019,cf,Joint,pre,type2,p4,l1,nopc,b/c,506500,3.625,0.4446,0,360,not_neg,not_int,not_lpsm,558000,sb,pr,home,1U,,EXP,732,EXP,35-44,not_inst,90.77060932,south,direct,0,
26235,2019,cf,Male,nopre,type1,p3,l1,nopc,nob/c,276500,3.99,0.1242,6650,360,not_neg,not_int,not_lpsm,778000,sb,pr,home,1U,6540,EXP,743,CIB,65-74,to_inst,35.53984576,central,direct,0,7
26236,2019,cf,Joint,nopre,type1,p4,l1,nopc,nob/c,536500,3.625,-0.0614,5380,360,not_neg,not_int,not_lpsm,938000,sb,pr,home,1U,10560,CRIF,581,EXP,65-74,not_inst,57.19616205,North,direct,0,27
26237,2019,cf,Joint,nopre,type1,p3,l1,nopc,nob/c,156500,4.56,1.0088,1440.05,360,not_neg,not_int,not_lpsm,188000,sb,pr,home,1U,6120,CRIF,796,EXP,35-44,not_inst,83.24468085,North,direct,0,40
26238,2019,cf,Male,nopre,type1,p3,l1,nopc,nob/c,216500,4.375,0.8004,2847.5,360,not_neg,not_int,not_lpsm,298000,sb,pr,home,1U,5880,EXP,559,CIB,55-64,to_inst,72.65100671,south,direct,0,42
26239,2019,cf,Sex Not Available,pre,type1,p1,l1,nopc,nob/c,106500,3.99,0.5046,3208.88,360,not_neg,not_int,not_lpsm,148000,sb,pr,home,1U,2220,CIB,877,CIB,45-54,to_inst,71.95945946,south,direct,0,39
26240,2019,cf,Female,nopre,type1,p1,l1,nopc,nob/c,246500,4.99,0.9509,125.05,360,neg_amm,not_int,not_lpsm,258000,sb,pr,home,1U,4620,CIB,835,CIB,35-44,not_inst,95.54263566,North,direct,0,35
26241,2019,cf,Male,nopre,type1,p1,l1,nopc,nob/c,346500,,,,360,not_neg,not_int,not_lpsm,,sb,pr,home,1U,8880,EQUI,552,EXP,25-34,to_inst,,North,direct,1,
26242,2019,cf,Female,nopre,type1,p4,l1,nopc,nob/c,276500,3.375,-0.2588,4057.5,360,not_neg,not_int,not_lpsm,598000,sb,pr,home,1U,2700,CIB,586,CIB,25-34,not_inst,46.23745819,North,direct,0,47
26243,2019,cf,Female,nopre,type1,p3,l1,nopc,nob/c,296500,4.25,0.2184,5091.88,360,not_neg,not_int,not_lpsm,358000,sb,pr,home,1U,4920,CRIF,590,CIB,65-74,to_inst,82.82122905,North,direct,0,40
26244,2019,cf,Joint,nopre,type1,p1,l1,nopc,nob/c,726500,4.18,-0.1542,362.64,360,not_neg,not_int,not_lpsm,808000,sb,pr,home,1U,13020,EXP,513,EXP,45-54,not_inst,89.91336634,North,direct,0,36
26245,2019,cf,Sex Not Available,nopre,type1,p4,l1,nopc,nob/c,236500,4.875,0.937,4273.77,360,not_neg,not_int,not_lpsm,328000,sb,pr,home,1U,7920,EXP,805,EXP,45-54,to_inst,72.10365854,south,direct,0,42
26246,2019,cf,Sex Not Available,nopre,type1,p3,l1,nopc,nob/c,166500,,,,360,not_neg,not_int,not_lpsm,218000,sb,ir,home,1U,5280,CRIF,631,CIB,65-74,to_inst,76.37614679,south,direct,1,27
26247,2019,cf,Sex Not Available,nopre,type1,p3,l1,nopc,nob/c,226500,3.875,0.7882,3425.22,240,not_neg,not_int,not_lpsm,318000,sb,pr,home,1U,6420,CRIF,569,EXP,45-54,to_inst,71.22641509,south,direct,0,37
26248,2019,cf,Joint,nopre,type1,p4,l1,nopc,nob/c,696500,3.75,0.0611,0,360,not_neg,not_int,not_lpsm,1268000,sb,pr,home,1U,12240,CIB,529,EXP,25-34,not_inst,54.92902208,south,direct,0,26
26249,2019,,Sex Not Available,nopre,type2,p1,l1,nopc,b/c,246500,3.99,1.21,1662.5,360,not_neg,not_int,not_lpsm,258000,sb,pr,home,1U,4260,EXP,581,CIB,45-54,to_inst,95.54263566,south,direct,0,52
26250,2019,cf,Joint,nopre,type1,p1,l1,nopc,nob/c,546500,,,,360,not_neg,not_int,not_lpsm,648000,sb,pr,home,1U,5280,CIB,533,EXP,25-34,not_inst,84.33641975,south,direct,1,47
26251,2019,cf,Male,nopre,type1,p1,l1,nopc,nob/c,206500,4,0.6362,994,180,not_neg,not_int,not_lpsm,758000,sb,pr,home,1U,5580,CIB,819,CIB,35-44,not_inst,27.24274406,North,direct,0,35
26252,2019,cf,Sex Not Available,nopre,type1,p4,l1,nopc,nob/c,326500,3.5,-0.2687,0,360,not_neg,not_int,not_lpsm,558000,sb,pr,home,1U,5880,CRIF,807,CIB,45-54,to_inst,58.5125448,south,direct,0,27
26253,2019,cf,Sex Not Available,pre,type1,p1,l1,nopc,nob/c,406500,3.99,0.4235,7498.04,360,not_neg,not_int,not_lpsm,508000,sb,pr,home,1U,10020,CIB,790,CIB,35-44,to_inst,80.01968504,south,direct,0,17
26254,2019,cf,Joint,pre,type2,p3,l1,nopc,b/c,376500,3.625,0.8843,6857.79,360,not_neg,not_int,not_lpsm,498000,sb,pr,home,1U,4680,CRIF,894,EXP,55-64,to_inst,75.60240964,south,direct,0,56
26255,2019,cf,Male,nopre,type1,p4,l1,nopc,nob/c,396500,3.875,0.3364,8000,360,not_neg,not_int,not_lpsm,538000,sb,pr,home,1U,8040,EXP,571,CIB,35-44,not_inst,73.69888476,North,direct,0,28
26256,2019,cf,Female,nopre,type1,p3,l1,nopc,nob/c,176500,4.75,1.0375,2577.5,360,not_neg,not_int,not_lpsm,398000,sb,pr,home,1U,5040,CRIF,771,CIB,45-54,to_inst,44.34673367,south,direct,0,37
26257,2019,cf,Male,nopre,type1,p3,l1,nopc,nob/c,206500,3.25,-0.3388,2127,360,not_neg,not_int,not_lpsm,488000,sb,pr,home,1U,1740,CRIF,827,CIB,65-74,not_inst,42.31557377,North,direct,0,49
26258,2019,ncf,Joint,nopre,type3,p4,l1,nopc,nob/c,836500,,,,360,not_neg,not_int,not_lpsm,,sb,pr,home,1U,0,EQUI,682,EXP,55-64,not_inst,,North,direct,1,
26259,2019,cf,Sex Not Available,nopre,type2,p4,l2,nopc,b/c,256500,,,,360,not_neg,not_int,not_lpsm,398000,sb,pr,home,1U,3240,EXP,781,CIB,55-64,to_inst,64.44723618,south,direct,1,43
26260,2019,,Sex Not Available,nopre,type1,p3,l1,nopc,nob/c,276500,4.25,0.397,7030,360,not_neg,not_int,not_lpsm,388000,sb,pr,home,1U,4260,CIB,661,EXP,65-74,to_inst,71.2628866,south,direct,0,47
26261,2019,cf,Sex Not Available,nopre,type1,p3,l1,nopc,nob/c,226500,4.875,1.2508,3025,360,not_neg,not_int,not_lpsm,278000,sb,pr,home,1U,3300,CIB,718,CIB,>74,to_inst,81.47482014,south,direct,0,49
26262,2019,cf,Joint,nopre,type1,p4,l1,nopc,nob/c,396500,3.99,0.308,,360,not_neg,not_int,not_lpsm,418000,sb,pr,home,1U,5700,CRIF,547,EXP,25-34,to_inst,94.85645933,south,direct,0,38
26263,2019,cf,Sex Not Available,nopre,type1,p4,l1,nopc,nob/c,276500,,,,180,not_neg,not_int,not_lpsm,328000,sb,pr,home,1U,7620,CIB,695,EXP,45-54,to_inst,84.29878049,south,direct,1,31
26264,2019,cf,Male,pre,type3,p3,l1,nopc,nob/c,166500,4.875,0.8567,2038.37,360,not_neg,not_int,not_lpsm,188000,sb,pr,home,1U,1800,EXP,748,CIB,65-74,to_inst,88.56382979,North,direct,0,54
26265,2019,cf,Male,nopre,type1,p1,l1,nopc,nob/c,276500,3.625,-0.0602,801.9,360,not_neg,not_int,not_lpsm,648000,sb,pr,home,1U,4980,EXP,645,CIB,55-64,not_inst,42.66975309,south,direct,0,37
26266,2019,cf,Joint,nopre,type1,p4,l1,nopc,nob/c,556500,3.625,0.173,7589.99,360,not_neg,not_int,not_lpsm,928000,sb,pr,home,1U,9120,CRIF,710,EXP,45-54,to_inst,59.96767241,south,direct,0,30
26267,2019,cf,Female,nopre,type1,p4,l1,nopc,nob/c,346500,3.625,0.4197,0,240,not_neg,not_int,not_lpsm,508000,sb,pr,home,1U,4980,CIB,897,CIB,35-44,not_inst,68.20866142,south,direct,0,36
26268,2019,cf,Sex Not Available,nopre,type1,p4,l1,nopc,nob/c,136500,,,,300,not_neg,not_int,not_lpsm,,sb,pr,home,1U,4260,EQUI,794,EXP,45-54,to_inst,,south,direct,1,
26269,2019,cf,Joint,nopre,type1,p4,l1,nopc,nob/c,446500,3.875,-0.1103,2807.5,180,not_neg,not_int,not_lpsm,528000,sb,pr,home,1U,9660,CIB,500,EXP,35-44,to_inst,84.56439394,south,direct,0,35
26270,2019,cf,Sex Not Available,nopre,type1,p3,l1,nopc,nob/c,426500,4.56,0.3978,6670.97,360,not_neg,not_int,not_lpsm,548000,sb,pr,home,1U,5160,CIB,542,CIB,>74,to_inst,77.82846715,south,direct,0,44
26271,2019,cf,Female,nopre,type1,p3,l1,nopc,nob/c,106500,,,,360,not_neg,not_int,not_lpsm,,sb,pr,home,1U,1620,EQUI,757,EXP,65-74,to_inst,,North,direct,1,
26272,2019,cf,Joint,nopre,type1,p4,l1,nopc,nob/c,296500,3.99,0.0002,3437.82,360,not_neg,not_int,not_lpsm,428000,sb,pr,home,1U,9060,CRIF,750,EXP,35-44,not_inst,69.27570093,south,direct,0,25
26273,2019,cf,Joint,nopre,type1,p4,l1,nopc,nob/c,496500,3.5,-0.1083,1269,360,neg_amm,int_only,not_lpsm,848000,sb,pr,home,1U,11820,CIB,654,EXP,45-54,not_inst,58.5495283,south,direct,0,25
26274,2019,cf,Male,nopre,type1,p1,l1,nopc,nob/c,196500,3.99,0.5162,3312.7,360,not_neg,not_int,not_lpsm,218000,sb,pr,home,1U,5520,CIB,853,CIB,55-64,to_inst,90.13761468,North,direct,0,22
26275,2019,cf,Female,nopre,type1,p4,l1,nopc,nob/c,376500,,,,360,not_neg,not_int,not_lpsm,468000,sb,pr,home,1U,5100,CIB,855,CIB,35-44,not_inst,80.44871795,North,direct,1,48
26276,2019,cf,Sex Not Available,nopre,type1,p3,l1,nopc,nob/c,476500,,,,360,not_neg,not_int,not_lpsm,938000,sb,pr,home,1U,7980,CRIF,800,CIB,>74,to_inst,50.79957356,south,direct,1,31
26277,2019,cf,Sex Not Available,nopre,type3,p3,l1,nopc,nob/c,186500,4.5,0.2755,3600,360,not_neg,not_int,not_lpsm,218000,sb,pr,home,1U,3480,CIB,881,CIB,65-74,to_inst,85.55045872,south,direct,0,34
26278,2019,cf,Sex Not Available,pre,type1,p3,l1,nopc,nob/c,356500,,,,360,not_neg,not_int,not_lpsm,,sb,pr,home,1U,7500,EQUI,707,EXP,35-44,to_inst,,south,direct,1,
26279,2019,cf,Sex Not Available,nopre,type1,p1,l1,nopc,nob/c,436500,4.375,0.2612,3310,360,not_neg,int_only,not_lpsm,548000,sb,pr,home,1U,11100,CIB,594,CIB,45-54,to_inst,79.65328467,south,direct,0,23
26280,2019,ncf,Male,nopre,type1,p1,l1,nopc,nob/c,566500,,,,360,not_neg,not_int,not_lpsm,,sb,pr,home,1U,22680,EQUI,511,EXP,65-74,to_inst,,North,direct,1,
26281,2019,cf,Male,nopre,type1,p1,l1,nopc,nob/c,276500,,,,360,not_neg,not_int,not_lpsm,368000,sb,ir,home,1U,3300,EXP,668,CIB,55-64,not_inst,75.13586957,central,direct,1,39
26282,2019,cf,Female,nopre,type1,p3,l1,nopc,nob/c,356500,4.625,0.1955,1150,360,not_neg,not_int,not_lpsm,618000,sb,pr,home,1U,4680,CRIF,553,CIB,45-54,to_inst,57.68608414,south,direct,0,36
26283,2019,cf,Male,nopre,type1,p4,l1,nopc,nob/c,576500,3.875,0.1843,3247.25,360,not_neg,not_int,not_lpsm,658000,sb,pr,home,1U,8040,EXP,685,CIB,35-44,not_inst,87.61398176,south,direct,0,40
26284,2019,cf,Joint,nopre,type1,p4,l1,nopc,nob/c,336500,3.375,0.1459,10446.25,312,not_neg,not_int,not_lpsm,428000,sb,pr,home,1U,5520,CIB,657,EXP,25-34,to_inst,78.62149533,North,direct,0,30
26285,2019,cf,Female,pre,type2,p1,l1,nopc,b/c,156500,4.5,1.9528,1874.86,360,not_neg,not_int,not_lpsm,168000,sb,pr,home,1U,2880,EXP,849,CIB,45-54,not_inst,93.1547619,North,direct,0,43
26286,2019,ncf,Sex Not Available,nopre,type1,p1,l1,nopc,nob/c,126500,,,,360,not_neg,not_int,not_lpsm,378000,sb,pr,home,1U,960,EXP,697,CIB,35-44,to_inst,33.46560847,south,direct,1,13
26287,2019,cf,Male,nopre,type1,p3,l1,nopc,nob/c,126500,4.75,0.4879,2343.75,360,not_neg,not_int,not_lpsm,758000,sb,pr,home,1U,1680,CIB,745,CIB,65-74,to_inst,16.68865435,North,direct,0,61
26288,2019,cf,Joint,nopre,type1,p3,l1,nopc,nob/c,486500,,,,360,not_neg,not_int,not_lpsm,858000,sb,ir,home,1U,23580,CIB,734,EXP,45-54,not_inst,56.7016317,south,direct,1,37
26289,2019,cf,Sex Not Available,pre,type1,p1,l1,nopc,nob/c,106500,4.375,0.9653,3330,360,not_neg,not_int,not_lpsm,138000,sb,sr,home,1U,10800,CIB,544,EXP,55-64,to_inst,77.17391304,south,direct,0,31
26290,2019,cf,Joint,nopre,type1,p3,l1,nopc,nob/c,406500,4.18,0.1452,2167.75,360,not_neg,not_int,not_lpsm,908000,sb,pr,home,1U,5700,CRIF,890,EXP,55-64,to_inst,44.76872247,south,direct,0,40
26291,2019,cf,Male,nopre,type1,p3,l1,nopc,nob/c,336500,,,,360,not_neg,not_int,not_lpsm,,sb,pr,home,1U,3780,EQUI,797,EXP,55-64,not_inst,,North,direct,1,
26292,2019,cf,Joint,nopre,type2,p3,l1,nopc,b/c,176500,4.5,1.0322,3213.53,360,not_neg,not_int,not_lpsm,228000,sb,pr,home,1U,5040,CRIF,661,EXP,55-64,to_inst,77.4122807,North,direct,0,40
26293,2019,cf,Joint,nopre,type1,p4,l1,nopc,nob/c,256500,4.5,0.4924,3725.74,216,not_neg,not_int,not_lpsm,418000,sb,pr,home,1U,7740,CIB,813,EXP,55-64,to_inst,61.36363636,central,direct,0,21
26294,2019,cf,Joint,pre,type1,p3,l1,nopc,nob/c,396500,3.99,0.2608,6117.16,360,not_neg,not_int,not_lpsm,1098000,sb,pr,home,2U,7380,EXP,838,EXP,65-74,to_inst,36.11111111,south,direct,0,36
26295,2019,cf,Male,pre,type1,p3,l1,nopc,nob/c,346500,4.25,0.5211,2446,180,not_neg,not_int,not_lpsm,438000,sb,pr,home,1U,7080,EXP,684,CIB,45-54,to_inst,79.10958904,North,direct,0,42
26296,2019,cf,Female,pre,type1,p1,l1,nopc,nob/c,606500,4.375,-0.013,6080,360,not_neg,not_int,not_lpsm,648000,sb,pr,home,1U,9060,CIB,633,CIB,45-54,not_inst,93.59567901,North,direct,0,32
26297,2019,cf,Male,nopre,type1,p3,l1,nopc,nob/c,206500,3.99,0.6666,6250,360,not_neg,not_int,not_lpsm,258000,sb,pr,home,1U,3240,CIB,878,CIB,35-44,to_inst,80.03875969,North,direct,0,42
26298,2019,cf,Sex Not Available,nopre,type1,p3,l1,nopc,nob/c,116500,,,,180,not_neg,not_int,not_lpsm,,sb,pr,home,1U,2460,EQUI,828,EXP,65-74,to_inst,,south,direct,1,
26299,2019,cf,Male,nopre,type1,p3,l1,nopc,nob/c,206500,3.25,0.4054,4785.63,180,not_neg,not_int,not_lpsm,498000,sb,sr,home,1U,15960,CRIF,732,EXP,65-74,to_inst,41.46586345,North,direct,0,29
26300,2019,cf,Sex Not Available,pre,type1,p1,l1,nopc,nob/c,146500,,,,360,not_neg,not_int,not_lpsm,,sb,pr,home,1U,2400,EQUI,544,EXP,65-74,to_inst,,south,direct,1,
26301,2019,,Male,nopre,type1,p1,l1,nopc,nob/c,256500,3.99,0.0056,4715,360,not_neg,not_int,not_lpsm,318000,sb,pr,home,1U,9420,CRIF,872,CIB,25-34,to_inst,80.66037736,south,direct,0,24
26302,2019,cf,Female,nopre,type1,p4,l1,nopc,nob/c,716500,4.375,0.067,0,360,not_neg,not_int,not_lpsm,1258000,sb,pr,home,1U,7920,EXP,808,CIB,45-54,not_inst,56.9554849,North,direct,0,49
26303,2019,cf,Sex Not Available,pre,type1,p3,l1,nopc,nob/c,226500,3.99,0.4251,4896.5,360,not_neg,not_int,not_lpsm,268000,sb,pr,home,1U,3180,EXP,722,EXP,55-64,to_inst,84.51492537,south,direct,0,42
26304,2019,cf,Male,pre,type1,p1,l1,nopc,nob/c,406500,4.56,0.4445,550,360,not_neg,not_int,not_lpsm,448000,sb,pr,home,1U,7800,CRIF,600,CIB,35-44,to_inst,90.73660714,North,direct,0,47
26305,2019,cf,Male,nopre,type1,p4,l1,nopc,nob/c,416500,4,0.2151,0,360,not_neg,not_int,not_lpsm,568000,sb,pr,home,1U,6240,EXP,859,CIB,35-44,not_inst,73.32746479,North,direct,0,37
26306,2019,cf,Male,nopre,type1,p4,l1,nopc,nob/c,276500,4.625,0.9322,1250,360,not_neg,not_int,not_lpsm,378000,sb,pr,home,1U,3780,CIB,772,CIB,45-54,to_inst,73.14814815,south,direct,0,36
26307,2019,cf,Male,nopre,type1,p4,l1,nopc,nob/c,236500,3.625,0.1403,3890.25,360,not_neg,not_int,not_lpsm,348000,sb,pr,home,1U,4140,CRIF,734,CIB,35-44,not_inst,67.95977011,North,direct,0,37
26308,2019,cf,Female,nopre,type2,p1,l1,nopc,b/c,146500,4.375,1.6609,0,360,not_neg,not_int,not_lpsm,148000,sb,pr,home,1U,2940,CIB,811,CIB,35-44,to_inst,98.98648649,North,direct,0,42
26309,2019,cf,Sex Not Available,pre,type2,p1,l1,nopc,b/c,306500,,,,360,not_neg,not_int,not_lpsm,318000,sb,pr,home,1U,3720,CRIF,604,CIB,25-34,to_inst,96.3836478,south,direct,1,60
26310,2019,cf,Sex Not Available,nopre,type2,p3,l1,nopc,b/c,336500,,,,180,not_neg,not_int,not_lpsm,388000,sb,pr,home,1U,4860,CIB,853,CIB,35-44,to_inst,86.72680412,south,direct,1,46
26311,2019,cf,Male,nopre,type1,p1,l1,nopc,nob/c,246500,,,,360,not_neg,not_int,lpsm,,sb,pr,home,1U,6480,EQUI,546,EXP,35-44,to_inst,,south,direct,1,
26312,2019,cf,Male,nopre,type1,p3,l1,nopc,nob/c,286500,4.625,0.4714,9374.12,360,not_neg,not_int,not_lpsm,388000,sb,pr,home,1U,5700,EXP,520,CIB,35-44,to_inst,73.84020619,south,direct,0,35
26313,2019,cf,Joint,nopre,type1,p1,l1,nopc,nob/c,406500,3.625,-0.0772,0,360,not_neg,not_int,not_lpsm,458000,sb,pr,home,1U,3720,CRIF,678,EXP,25-34,not_inst,88.75545852,south,direct,0,49
26314,2019,cf,Joint,nopre,type2,p1,l1,nopc,b/c,406500,4.125,0.6516,2155.58,360,neg_amm,not_int,not_lpsm,418000,sb,pr,home,1U,4560,CIB,650,EXP,25-34,not_inst,97.24880383,south,direct,0,47
26315,2019,cf,Female,nopre,type1,p4,l1,nopc,nob/c,576500,4.25,0.1802,928.26,360,not_neg,not_int,not_lpsm,738000,sb,pr,home,1U,5880,CIB,720,CIB,55-64,not_inst,78.11653117,North,direct,0,46
26316,2019,cf,Joint,nopre,type1,p4,l1,nopc,nob/c,526500,3.875,0.3203,5889.38,360,not_neg,int_only,not_lpsm,698000,sb,pr,home,1U,6660,EXP,522,EXP,45-54,not_inst,75.42979943,North,direct,0,46
26317,2019,cf,Joint,nopre,type1,p4,l1,nopc,nob/c,686500,4.18,-0.1423,0,360,not_neg,not_int,not_lpsm,1148000,sb,pr,home,1U,11280,EXP,842,EXP,55-64,not_inst,59.79965157,North,direct,0,40
26318,2019,cf,Sex Not Available,pre,type1,p4,l1,nopc,nob/c,226500,3.5,-0.0805,4028.81,360,not_neg,not_int,not_lpsm,268000,sb,pr,home,1U,2640,EXP,874,CIB,45-54,to_inst,84.51492537,south,direct,0,44
26319,2019,cf,Joint,nopre,type1,p4,l1,nopc,nob/c,476500,3.99,0.2162,0,360,not_neg,not_int,not_lpsm,738000,sb,pr,home,1U,5340,CIB,578,EXP,25-34,not_inst,64.56639566,North,direct,0,46
26320,2019,,Joint,nopre,type1,p4,l1,nopc,nob/c,486500,4.25,0.5477,7209.73,360,not_neg,not_int,not_lpsm,508000,sb,pr,home,1U,7680,CIB,741,EXP,55-64,not_inst,95.76771654,south,direct,0,40
26321,2019,cf,Joint,nopre,type1,p4,l2,nopc,nob/c,166500,3.375,0.2986,5660,180,not_neg,not_int,not_lpsm,238000,sb,pr,home,1U,6240,CIB,731,EXP,35-44,to_inst,69.95798319,North,direct,0,28
26322,2019,cf,Female,nopre,type1,p3,l1,nopc,nob/c,466500,3.75,0.0646,0,360,not_neg,not_int,not_lpsm,998000,sb,pr,home,1U,7560,CIB,860,CIB,45-54,not_inst,46.74348697,North,direct,0,41
26323,2019,cf,Male,nopre,type1,p1,l1,nopc,nob/c,216500,4.5,0.7426,0,360,not_neg,not_int,not_lpsm,228000,sb,pr,home,1U,2820,CRIF,500,CIB,35-44,to_inst,94.95614035,central,direct,0,48
26324,2019,cf,Sex Not Available,nopre,type1,p3,l1,nopc,nob/c,456500,3.875,-0.0594,14348.29,360,not_neg,not_int,not_lpsm,708000,sb,pr,home,1U,4860,EXP,753,EXP,>74,to_inst,64.47740113,south,direct,0,36
26325,2019,cf,Male,nopre,type1,p1,l1,nopc,nob/c,286500,3.75,0.8421,3381.12,180,not_neg,not_int,not_lpsm,378000,sb,ir,home,1U,26520,CRIF,871,CIB,45-54,not_inst,75.79365079,North,direct,0,35
26326,2019,cf,Male,nopre,type1,p4,l1,nopc,nob/c,536500,3.875,0.0203,0,360,not_neg,not_int,not_lpsm,728000,sb,pr,home,1U,8040,CIB,675,CIB,25-34,not_inst,73.69505495,North,direct,0,31
26327,2019,cf,Male,nopre,type1,p4,l1,nopc,nob/c,616500,3.875,0.1313,2435.19,360,not_neg,not_int,not_lpsm,898000,sb,pr,home,1U,11640,CRIF,810,CIB,55-64,not_inst,68.65256125,North,direct,0,21
26328,2019,cf,Sex Not Available,nopre,type2,p4,l1,nopc,b/c,216500,,,,360,not_neg,not_int,not_lpsm,,sb,pr,home,1U,0,EQUI,652,EXP,25-34,not_inst,,south,direct,1,
26329,2019,cf,Sex Not Available,nopre,type1,p3,l1,nopc,nob/c,226500,3.99,0.7101,6394,240,not_neg,not_int,not_lpsm,278000,sb,pr,home,1U,5340,CRIF,682,CIB,65-74,to_inst,81.47482014,south,direct,0,37
26330,2019,cf,Joint,nopre,type1,p4,l1,nopc,nob/c,426500,3.5,-0.148,0,360,not_neg,int_only,not_lpsm,878000,sb,pr,home,1U,7260,EXP,752,EXP,55-64,not_inst,48.57630979,south,direct,0,35
26331,2019,cf,Joint,nopre,type1,p4,l1,nopc,nob/c,626500,3.75,0.076,3128,360,not_neg,not_int,not_lpsm,1488000,sb,pr,home,1U,20580,CRIF,700,EXP,55-64,to_inst,42.10349462,North,direct,0,29
26332,2019,cf,Joint,nopre,type1,p4,l1,nopc,nob/c,456500,3.75,0.2317,7870.56,360,not_neg,int_only,not_lpsm,498000,sb,pr,home,1U,9060,CRIF,533,EXP,25-34,not_inst,91.66666667,North,direct,0,44
26333,2019,cf,Female,nopre,type1,p1,l1,nopc,nob/c,386500,4.56,0.8867,5547.52,360,not_neg,not_int,not_lpsm,488000,sb,pr,home,1U,8760,CIB,798,CIB,45-54,not_inst,79.20081967,south,direct,0,36
26334,2019,cf,Joint,nopre,type1,p4,l1,nopc,nob/c,286500,,,,360,not_neg,not_int,not_lpsm,,sb,pr,home,1U,8640,EQUI,673,EXP,55-64,not_inst,,North,direct,1,
26335,2019,cf,Female,pre,type1,p1,l1,nopc,nob/c,376500,3.99,0.2109,2518,360,not_neg,not_int,not_lpsm,638000,sb,pr,home,1U,12060,CRIF,797,EXP,45-54,to_inst,59.01253918,North,direct,0,11
26336,2019,ncf,Female,nopre,type1,p4,l1,nopc,nob/c,136500,4.375,0.525,4297.83,360,not_neg,not_int,not_lpsm,168000,sb,pr,home,1U,4020,CIB,640,CIB,65-74,to_inst,81.25,North,direct,0,38
26337,2019,cf,Sex Not Available,nopre,type2,p1,l1,nopc,b/c,116500,,,,360,not_neg,not_int,not_lpsm,118000,sb,pr,home,1U,1800,CRIF,839,CIB,25-34,to_inst,98.72881356,south,direct,1,60
26338,2019,cf,Male,nopre,type1,p3,l1,nopc,nob/c,326500,3.99,0.1757,1250,360,not_neg,not_int,not_lpsm,408000,sb,pr,home,1U,7200,CIB,755,CIB,55-64,to_inst,80.0245098,south,direct,0,39
26339,2019,cf,Sex Not Available,nopre,type1,p3,l1,nopc,nob/c,406500,,,,360,not_neg,not_int,not_lpsm,518000,sb,pr,home,1U,7380,CRIF,711,EXP,45-54,to_inst,78.47490347,south,direct,1,44
26340,2019,cf,Male,nopre,type1,p3,l1,nopc,nob/c,256500,4.5,0.359,2121.34,360,not_neg,not_int,not_lpsm,338000,sb,pr,home,1U,4080,EXP,653,CIB,35-44,to_inst,75.88757396,North,direct,0,36
26341,2019,cf,Joint,nopre,type1,p3,l1,nopc,nob/c,166500,3.99,1.1009,4020,240,not_neg,not_int,not_lpsm,208000,sb,pr,home,1U,4380,CIB,763,EXP,45-54,to_inst,80.04807692,North,direct,0,25
26342,2019,cf,Joint,nopre,type2,p4,l1,nopc,b/c,286500,3.375,0.5622,0,360,not_neg,not_int,not_lpsm,358000,sb,pr,home,1U,,EXP,672,EXP,25-34,not_inst,80.02793296,south,direct,0,
26343,2019,cf,Male,pre,type1,p4,l1,nopc,nob/c,546500,4.25,0.4852,64.69,360,not_neg,not_int,not_lpsm,698000,sb,pr,home,1U,6180,CRIF,801,CIB,35-44,not_inst,78.29512894,North,direct,0,49
26344,2019,cf,Joint,nopre,type1,p1,l1,nopc,nob/c,546500,3.75,0.0529,756,360,not_neg,not_int,not_lpsm,678000,sb,pr,home,1U,6120,CIB,676,EXP,25-34,not_inst,80.60471976,south,direct,0,39
26345,2019,cf,Female,pre,type1,p3,l1,nopc,nob/c,246500,3.875,0.1544,940.4,360,not_neg,not_int,not_lpsm,508000,sb,pr,home,1U,2820,EXP,645,CIB,65-74,not_inst,48.52362205,North,direct,0,47
26346,2019,cf,Sex Not Available,nopre,type1,p3,l2,nopc,nob/c,356500,4.56,0.4429,4356.25,360,not_neg,not_int,not_lpsm,658000,sb,pr,home,1U,4020,CRIF,716,CIB,25-34,to_inst,54.17933131,south,direct,0,49
26347,2019,cf,Female,nopre,type3,p3,l1,nopc,nob/c,186500,,,,360,not_neg,not_int,not_lpsm,188000,sb,pr,home,1U,5760,CRIF,830,EXP,65-74,to_inst,99.20212766,North,direct,1,40
26348,2019,cf,Male,nopre,type1,p1,l1,nopc,nob/c,256500,3.875,0.4102,4752.13,360,not_neg,not_int,not_lpsm,288000,sb,pr,home,1U,4080,CIB,579,CIB,55-64,to_inst,89.0625,North,direct,0,36
26349,2019,cf,Sex Not Available,nopre,type1,p4,l1,nopc,nob/c,306500,4.25,0.6292,3811.58,240,not_neg,not_int,not_lpsm,738000,sb,ir,home,1U,12000,EXP,784,CIB,45-54,to_inst,41.53116531,south,direct,0,45
26350,2019,cf,Joint,nopre,type2,p4,l1,nopc,b/c,316500,3.99,0.7425,0,360,not_neg,not_int,not_lpsm,348000,sb,pr,home,1U,,CIB,652,EXP,55-64,not_inst,90.94827586,central,direct,0,
26351,2019,cf,Female,nopre,type1,p1,l1,nopc,nob/c,546500,4.25,0.5559,1000,180,not_neg,not_int,not_lpsm,738000,sb,ir,home,1U,42600,CIB,620,CIB,35-44,not_inst,74.05149051,south,direct,0,38
26352,2019,cf,Male,nopre,type1,p4,l1,nopc,nob/c,406500,3.375,-0.221,3000,360,not_neg,not_int,not_lpsm,438000,sb,pr,home,1U,4200,CRIF,704,CIB,25-34,not_inst,92.80821918,south,direct,0,48
26353,2019,cf,Joint,nopre,type3,p4,l1,nopc,nob/c,286500,3.125,-0.6374,0,360,not_neg,not_int,not_lpsm,388000,sb,pr,home,1U,,EXP,634,EXP,45-54,to_inst,73.84020619,North,direct,0,
26354,2019,cf,Male,nopre,type1,p3,l1,nopc,nob/c,226500,,,,360,not_neg,not_int,not_lpsm,,sb,pr,home,1U,3360,EQUI,892,EXP,65-74,to_inst,,North,direct,1,
26355,2019,cf,Joint,nopre,type1,p3,l1,nopc,nob/c,426500,3.99,0.4118,1250,360,not_neg,not_int,not_lpsm,808000,sb,pr,home,1U,6840,CIB,711,EXP,45-54,to_inst,52.78465347,south,direct,0,43
26356,2019,cf,Joint,nopre,type3,p4,l1,nopc,nob/c,356500,2.75,-0.9242,3409.32,360,not_neg,not_int,not_lpsm,378000,sb,pr,home,1U,,EXP,774,EXP,65-74,not_inst,94.31216931,North,direct,0,
26357,2019,cf,Male,nopre,type1,p1,l1,nopc,nob/c,176500,3.75,-0.1206,7805.63,360,not_neg,not_int,not_lpsm,208000,sb,pr,home,1U,2400,CIB,624,CIB,55-64,to_inst,84.85576923,North,direct,0,55
26358,2019,cf,Female,nopre,type1,p4,l1,nopc,nob/c,226500,,,,360,not_neg,not_int,not_lpsm,248000,sb,pr,home,1U,5340,CIB,661,CIB,55-64,to_inst,91.33064516,North,direct,1,60
26359,2019,cf,Male,nopre,type3,p4,l1,nopc,nob/c,206500,3.25,-0.322,0,360,neg_amm,not_int,not_lpsm,308000,sb,pr,home,1U,,CRIF,805,CIB,65-74,not_inst,67.04545455,North,direct,0,
26360,2019,cf,Sex Not Available,pre,type2,p2,l1,nopc,b/c,76500,3.5,1.5675,1799.29,180,not_neg,not_int,not_lpsm,408000,sb,pr,home,1U,2340,CIB,819,EXP,55-64,to_inst,18.75,south,direct,0,30
26361,2019,ncf,Male,nopre,type3,p3,l1,nopc,nob/c,806500,,,,360,not_neg,not_int,not_lpsm,858000,sb,pr,home,1U,9120,CIB,644,CIB,35-44,to_inst,93.997669,North,direct,1,51
26362,2019,cf,Sex Not Available,nopre,type2,p3,l1,nopc,b/c,166500,4.625,1.8646,2436.63,360,not_neg,not_int,not_lpsm,198000,sb,pr,home,1U,4260,EXP,851,EXP,45-54,to_inst,84.09090909,North,direct,0,47
26363,2019,cf,Sex Not Available,nopre,type1,p3,l1,nopc,nob/c,176500,5.375,0.9574,1764.52,360,neg_amm,not_int,not_lpsm,268000,sb,pr,home,1U,7920,CIB,525,EXP,55-64,to_inst,65.85820896,south,direct,0,37
26364,2019,cf,Male,nopre,type2,p1,l1,nopc,b/c,496500,,,,360,not_neg,not_int,not_lpsm,,sb,pr,home,1U,6600,EQUI,856,EXP,35-44,not_inst,,south,direct,1,
26365,2019,cf,Joint,pre,type2,p3,l1,nopc,b/c,196500,4.49,1.4362,1870,360,not_neg,not_int,not_lpsm,258000,sb,pr,home,1U,5760,CRIF,757,EXP,45-54,to_inst,76.1627907,North,direct,0,43
26366,2019,cf,Sex Not Available,nopre,type1,p3,l1,nopc,nob/c,226500,3.99,0.5099,5528.75,360,not_neg,not_int,not_lpsm,318000,sb,pr,home,1U,5100,CRIF,857,EXP,65-74,to_inst,71.22641509,south,direct,0,45
26367,2019,cf,Male,nopre,type2,p3,l1,nopc,b/c,176500,4.875,1.2739,2348.66,360,neg_amm,not_int,not_lpsm,218000,sb,pr,home,1U,2340,CRIF,521,CIB,65-74,to_inst,80.96330275,North,direct,0,54
26368,2019,cf,Male,pre,type1,p1,l1,nopc,nob/c,526500,3.75,0.258,8991.5,360,not_neg,not_int,not_lpsm,558000,sb,pr,home,1U,8160,EXP,666,CIB,25-34,to_inst,94.35483871,North,direct,0,31
26369,2019,cf,Male,nopre,type1,p3,l1,nopc,nob/c,256500,3.75,0.353,4375,360,not_neg,not_int,not_lpsm,398000,sb,pr,home,1U,3900,EXP,777,CIB,35-44,to_inst,64.44723618,North,direct,0,44
26370,2019,cf,Female,nopre,type1,p4,l1,nopc,nob/c,316500,3.5,0.0139,7552,360,not_neg,not_int,not_lpsm,428000,sb,pr,home,1U,5460,EXP,708,EXP,65-74,to_inst,73.94859813,North,direct,0,37
26371,2019,cf,Joint,pre,type1,p3,l1,nopc,nob/c,86500,4.75,1.4213,3095,360,not_neg,not_int,not_lpsm,128000,sb,pr,home,1U,3660,CRIF,807,EXP,65-74,to_inst,67.578125,North,direct,0,41
26372,2019,cf,Female,nopre,type1,p1,l1,nopc,nob/c,236500,4.375,0.7695,2718.75,360,not_neg,not_int,not_lpsm,328000,sb,pr,home,1U,5340,CIB,781,CIB,65-74,to_inst,72.10365854,North,direct,0,52
26373,2019,ncf,Joint,nopre,type2,p4,l1,nopc,b/c,506500,3.5,0.67,2945,360,not_neg,not_int,not_lpsm,538000,sb,pr,home,1U,,EXP,587,EXP,25-34,not_inst,94.14498141,North,direct,0,
26374,2019,cf,Female,nopre,type2,p3,l1,nopc,b/c,116500,4.99,1.4927,2195.04,360,not_neg,not_int,not_lpsm,128000,sb,pr,home,1U,3780,CRIF,689,CIB,45-54,to_inst,91.015625,North,direct,0,36
26375,2019,cf,Joint,nopre,type1,p4,l1,nopc,nob/c,426500,4,0.4285,405,360,not_neg,not_int,not_lpsm,458000,sb,pr,home,1U,8700,CIB,541,EXP,25-34,not_inst,93.12227074,south,direct,0,25
26376,2019,cf,Female,nopre,type1,p3,l1,nopc,nob/c,436500,4.5,0.1841,10457.5,360,not_neg,not_int,not_lpsm,2598000,sb,pr,home,1U,6360,CRIF,545,CIB,65-74,to_inst,16.80138568,central,direct,0,49
26377,2019,cf,Female,,type2,p3,l1,nopc,b/c,196500,4.5,0.9873,1935.3,360,not_neg,not_int,not_lpsm,238000,sb,pr,home,1U,3780,CIB,877,CIB,65-74,to_inst,82.56302521,North,direct,0,41
26378,2019,cf,Male,nopre,type3,p3,l1,nopc,nob/c,176500,4.5,0.666,5031.25,360,not_neg,not_int,lpsm,198000,sb,pr,home,1U,5700,CIB,700,CIB,55-64,to_inst,89.14141414,central,direct,0,33
26379,2019,cf,Sex Not Available,nopre,type3,p4,l1,nopc,nob/c,436500,2.75,-0.7874,4231.69,360,not_neg,not_int,not_lpsm,798000,sb,pr,home,1U,,EXP,844,CIB,45-54,not_inst,54.69924812,south,direct,0,
26380,2019,cf,Female,nopre,type1,p3,l1,nopc,nob/c,276500,3.99,0.3014,3950,288,not_neg,not_int,not_lpsm,388000,sb,pr,home,1U,5940,EXP,883,CIB,45-54,to_inst,71.2628866,North,direct,0,32
26381,2019,cf,Male,nopre,type3,p1,l1,nopc,nob/c,76500,,,,360,not_neg,not_int,not_lpsm,78000,sb,pr,home,1U,1260,EXP,539,CIB,65-74,to_inst,98.07692308,North,direct,1,26
26382,2019,cf,Sex Not Available,nopre,type1,p4,l1,nopc,nob/c,296500,3.875,0.3895,3319.71,360,not_neg,not_int,not_lpsm,438000,sb,pr,home,1U,6780,CIB,890,EXP,55-64,to_inst,67.69406393,south,direct,0,22
26383,2019,cf,Joint,nopre,type1,p3,l1,nopc,nob/c,356500,3.5,0.1677,10200,360,not_neg,int_only,not_lpsm,488000,sb,pr,home,1U,4800,EXP,809,EXP,45-54,to_inst,73.05327869,south,direct,0,36
26384,2019,cf,Male,nopre,type1,p1,l1,nopc,nob/c,226500,4.875,1.2193,4699.6,360,not_neg,not_int,not_lpsm,248000,sb,sr,home,1U,8400,EXP,644,CIB,45-54,to_inst,91.33064516,central,direct,0,26
26385,2019,cf,Male,nopre,type1,p4,l1,nopc,nob/c,566500,3.69,-0.0278,0,360,not_neg,not_int,not_lpsm,958000,sb,pr,home,1U,8100,EXP,721,CIB,35-44,not_inst,59.13361169,south,direct,0,37
26386,2019,cf,Joint,nopre,type1,p4,l1,nopc,nob/c,486500,3.375,-0.243,0,360,not_neg,not_int,not_lpsm,918000,sb,pr,home,1U,14280,EXP,666,EXP,45-54,not_inst,52.9956427,North,direct,0,46
26387,2019,cf,Male,nopre,type2,p1,l1,nopc,b/c,206500,3.75,0.8604,4068.99,360,not_neg,not_int,not_lpsm,208000,sb,pr,home,1U,6780,CIB,604,CIB,45-54,to_inst,99.27884615,North,direct,0,28
26388,2019,cf,Male,nopre,type2,p1,l1,nopc,b/c,376500,3.125,0.5726,2203.79,360,not_neg,not_int,not_lpsm,388000,sb,pr,home,1U,5640,CRIF,744,CIB,35-44,not_inst,97.03608247,south,direct,0,59
26389,2019,cf,Female,nopre,type1,p3,l1,nopc,nob/c,236500,,,,360,not_neg,not_int,not_lpsm,498000,sb,ir,home,1U,5460,CIB,868,CIB,55-64,not_inst,47.48995984,central,direct,1,57
26390,2019,cf,Joint,nopre,type2,p4,l1,nopc,b/c,636500,3.75,0.5723,0,360,not_neg,not_int,not_lpsm,728000,sb,pr,home,1U,,EXP,720,EXP,25-34,not_inst,87.43131868,North,direct,0,
26391,2019,cf,Female,nopre,type1,p4,l1,nopc,nob/c,86500,,,,360,not_neg,not_int,not_lpsm,,sb,pr,home,1U,3300,EQUI,685,EXP,25-34,to_inst,,North,direct,1,
26392,2019,cf,Joint,nopre,type1,p4,l1,nopc,nob/c,366500,3.875,-0.0073,5178.4,360,not_neg,not_int,not_lpsm,418000,sb,pr,home,1U,6000,EXP,817,EXP,55-64,not_inst,87.67942584,North,direct,0,45
26393,2019,cf,Joint,nopre,type2,p3,l1,nopc,b/c,136500,3.75,0.802,1280,360,not_neg,not_int,not_lpsm,168000,sb,pr,home,1U,3000,CIB,874,EXP,55-64,to_inst,81.25,North,direct,0,44
26394,2019,cf,Joint,pre,type3,p1,l1,nopc,nob/c,236500,4.375,0.5314,2300,360,not_neg,not_int,not_lpsm,238000,sb,pr,home,1U,5880,CIB,533,EXP,35-44,to_inst,99.3697479,North,direct,0,44
26395,2019,cf,Sex Not Available,nopre,type3,p3,l1,nopc,nob/c,196500,,,,360,not_neg,not_int,not_lpsm,,sb,pr,home,1U,2700,EQUI,834,EXP,55-64,to_inst,,south,direct,1,
26396,2019,cf,Male,nopre,type2,p4,l1,nopc,b/c,116500,,,,360,not_neg,not_int,not_lpsm,158000,sb,pr,home,1U,2340,EXP,624,CIB,45-54,to_inst,73.73417722,North,direct,1,26
26397,2019,cf,Male,nopre,type1,p3,l1,nopc,nob/c,136500,3.99,1.0176,3110.38,240,not_neg,not_int,not_lpsm,188000,sb,pr,home,1U,3000,EXP,840,EXP,35-44,to_inst,72.60638298,North,direct,0,38
26398,2019,cf,Male,nopre,type2,p1,l1,nopc,b/c,176500,3.25,0.4401,3416.77,360,not_neg,not_int,not_lpsm,178000,sb,pr,home,1U,4080,CRIF,555,CIB,35-44,to_inst,99.15730337,North,direct,0,39
